Workbook

Sheet Traveller Types
A1: Traveller | B1: Characteristics
A2: Solo | B2: Freedom, self-discovery, flexibility
A3: Couple | B3: Romance, reconnection, privacy
A4: Family | B4: Shared memories, safety
A5: Friends | B5: Energy, activities
A6: Business | B6: Comfort, connectivity

Sheet Emotional Goals
A1: Emotional Goal
A2: Healing
A3: Celebration
A4: Freedom
A5: Escape
A6: Adventure
A7: Discovery
A8: Reconnection
A9: Slow Living
A10: Relax
A11: Explore
A12: Romance

Sheet Desired Experiences
A1: Desired Experience
A2: Beach
A3: Mountains
A4: Wildlife
A5: Culture
A6: Food
A7: Wellness
A8: Luxury
A9: Shopping
A10: Spiritual
A11: Adventure
A12: Photography
... A16: Celebrations

Sheet Destination Catalogue
A1: Destination | B1: Region
A2: Agra | B2: Agra
A3: Amritsar | B3: Golden Temple
A4: Amritsar | B4: Wagah Border
A5: Amritsar | B5: Jallianwala Bagh
A6: Andaman | B6: Port Blair
A7: Andaman | B7: Havelock
A8: Andaman | B8: Neil Island
A9: Andaman | B9: Baratang Island
A10: Andaman | B10: Ross Island
A11: Andaman | B11: North Bay Island
A12: Goa | B12: North Goa
... A108: Vietnam | B108: Da Nang

Sheet Compatibility Matrix
A1: Compatibility Matrix — Review View
A2: Score | B2: 5 | C2: 4 | D2: 3 | E2: 2 | F2: 1 | G2: 0 | H2: Every score reason is stored in Destination Intelligence.
A3: Meaning | B3: Exceptional Match | C3: Strong Match | D3: Suitable | E3: Limited Match | F3: Weak Match | G3: Contradiction | H3: Colour is supplementary; numeric score and reason code remain authoritative.
A4: Contradictions | B4: A 0 score is a deterministic rejection for that dimension.
A5: Confidence | B5: Operational confidence is qualitative and requires live review.
A7: Destination ID | B7: Region ID | C7: Destination | D7: Region | E7: Record Type | F7: Journey Base Status | G7: Traveller — Solo | H7: Traveller — Couple | I7: Traveller — Family | J7: Traveller — Friends | K7: Traveller — Business | L7: Emotion — Healing | M7: Emotion — Celebration | N7: Emotion — Freedom | O7: Emotion — Escape | P7: Emotion — Adventure | Q7: Emotion — Discovery | R7: Emotion — Reconnection | S7: Emotion — Slow Living | T7: Emotion — Relax | U7: Emotion — Explore | V7: Emotion — Romance | W7: Experience — Beach | X7: Experience — Mountains | Y7: Experience — Wildlife | Z7: Experience — Culture | AA7: Experience — Food | AB7: Experience — Wellness | AC7: Experience — Luxury | AD7: Experience — Shopping | AE7: Experience — Spiritual | AF7: Experience — Adventure | AG7: Experience — Photography | AH7: Experience — Island Hopping | AI7: Experience — Heritage | AJ7: Experience — Nature | AK7: Experience — Celebrations | AL7: Primary Contradiction Flags | AM7: Operational Confidence | AN7: Reason Reference
A8: ='Destination Intelligence'!B2 | B8: ='Destination Intelligence'!C2 | C8: ='Destination Intelligence'!D2 | D8: ='Destination Intelligence'!E2 | E8: ='Destination Intelligence'!G2 | F8: ='Destination Intelligence'!H2 | G8: ='Destination Intelligence'!BI2 | H8: ='Destination Intelligence'!BK2 | I8: ='Destination Intelligence'!BM2 | J8: ='Destination Intelligence'!BO2 | K8: ='Destination Intelligence'!BQ2 | L8: ='Destination Intelligence'!BS2 | M8: ='Destination Intelligence'!BU2 | N8: ='Destination Intelligence'!BW2 | O8: ='Destination Intelligence'!BY2 | P8: ='Destination Intelligence'!CA2 | Q8: ='Destination Intelligence'!CC2 | R8: ='Destination Intelligence'!CE2 | S8: ='Destination Intelligence'!CG2 | T8: ='Destination Intelligence'!CI2 | U8: ='Destination Intelligence'!CK2 | V8: ='Destination Intelligence'!CM2 | W8: ='Destination Intelligence'!CO2 | X8: ='Destination Intelligence'!CQ2 | Y8: ='Destination Intelligence'!CS2 | Z8: ='Destination Intelligence'!CU2 | AA8: ='Destination Intelligence'!CW2 | AB8: ='Destination Intelligence'!CY2 | AC8: ='Destination Intelligence'!DA2 | AD8: ='Destination Intelligence'!DC2 | AE8: ='Destination Intelligence'!DE2 | AF8: ='Destination Intelligence'!DG2 | AG8: ='Destination Intelligence'!DI2 | AH8: ='Destination Intelligence'!DK2 | AI8: ='Destination Intelligence'!DM2 | AJ8: ='Destination Intelligence'!DO2 | AK8: ='Destination Intelligence'!DQ2 | AL8: Wildlife, Island Hopping | AM8: Medium | AN8: india-agra-agra
A9: ='Destination Intelligence'!B3 | B9: ='Destination Intelligence'!C3 | C9: ='Destination Intelligence'!D3 | D9: ='Destination Intelligence'!E3 | E9: ='Destination Intelligence'!G3 | F9: ='Destination Intelligence'!H3 | G9: ='Destination Intelligence'!BI3 | H9: ='Destination Intelligence'!BK3 | I9: ='Destination Intelligence'!BM3 | J9: ='Destination Intelligence'!BO3 | K9: ='Destination Intelligence'!BQ3 | L9: ='Destination Intelligence'!BS3 | M9: ='Destination Intelligence'!BU3 | N9: ='Destination Intelligence'!BW3 | O9: ='Destination Intelligence'!BY3 | P9: ='Destination Intelligence'!CA3 | Q9: ='Destination Intelligence'!CC3 | R9: ='Destination Intelligence'!CE3 | S9: ='Destination Intelligence'!CG3 | T9: ='Destination Intelligence'!CI3 | U9: ='Destination Intelligence'!CK3 | V9: ='Destination Intelligence'!CM3 | W9: ='Destination Intelligence'!CO3 | X9: ='Destination Intelligence'!CQ3 | Y9: ='Destination Intelligence'!CS3 | Z9: ='Destination Intelligence'!CU3 | AA9: ='Destination Intelligence'!CW3 | AB9: ='Destination Intelligence'!CY3 | AC9: ='Destination Intelligence'!DA3 | AD9: ='Destination Intelligence'!DC3 | AE9: ='Destination Intelligence'!DE3 | AF9: ='Destination Intelligence'!DG3 | AG9: ='Destination Intelligence'!DI3 | AH9: ='Destination Intelligence'!DK3 | AI9: ='Destination Intelligence'!DM3 | AJ9: ='Destination Intelligence'!DO3 | AK9: ='Destination Intelligence'!DQ3 | AL9: Wildlife, Island Hopping, Celebrations | AM9: Medium | AN9: india-amritsar-golden-temple
A10: ='Destination Intelligence'!B4 | B10: ='Destination Intelligence'!C4 | C10: ='Destination Intelligence'!D4 | D10: ='Destination Intelligence'!E4 | E10: ='Destination Intelligence'!G4 | F10: ='Destination Intelligence'!H4 | G10: ='Destination Intelligence'!BI4 | H10: ='Destination Intelligence'!BK4 | I10: ='Destination Intelligence'!BM4 | J10: ='Destination Intelligence'!BO4 | K10: ='Destination Intelligence'!BQ4 | L10: ='Destination Intelligence'!BS4 | M10: ='Destination Intelligence'!BU4 | N10: ='Destination Intelligence'!BW4 | O10: ='Destination Intelligence'!BY4 | P10: ='Destination Intelligence'!CA4 | Q10: ='Destination Intelligence'!CC4 | R10: ='Destination Intelligence'!CE4 | S10: ='Destination Intelligence'!CG4 | T10: ='Destination Intelligence'!CI4 | U10: ='Destination Intelligence'!CK4 | V10: ='Destination Intelligence'!CM4 | W10: ='Destination Intelligence'!CO4 | X10: ='Destination Intelligence'!CQ4 | Y10: ='Destination Intelligence'!CS4 | Z10: ='Destination Intelligence'!CU4 | AA10: ='Destination Intelligence'!CW4 | AB10: ='Destination Intelligence'!CY4 | AC10: ='Destination Intelligence'!DA4 | AD10: ='Destination Intelligence'!DC4 | AE10: ='Destination Intelligence'!DE4 | AF10: ='Destination Intelligence'!DG4 | AG10: ='Destination Intelligence'!DI4 | AH10: ='Destination Intelligence'!DK4 | AI10: ='Destination Intelligence'!DM4 | AJ10: ='Destination Intelligence'!DO4 | AK10: ='Destination Intelligence'!DQ4 | AL10: Wildlife, Spiritual | AM10: Medium | AN10: india-amritsar-wagah-border
A11: ='Destination Intelligence'!B5 | B11: ='Destination Intelligence'!C5 | C11: ='Destination Intelligence'!D5 | D11: ='Destination Intelligence'!E5 | E11: ='Destination Intelligence'!G5 | F11: ='Destination Intelligence'!H5 | G11: ='Destination Intelligence'!BI5 | H11: ='Destination Intelligence'!BK5 | I11: ='Destination Intelligence'!BM5 | J11: ='Destination Intelligence'!BO5 | K11: ='Destination Intelligence'!BQ5 | L11: ='Destination Intelligence'!BS5 | M11: ='Destination Intelligence'!BU5 | N11: ='Destination Intelligence'!BW5 | O11: ='Destination Intelligence'!BY5 | P11: ='Destination Intelligence'!CA5 | Q11: ='Destination Intelligence'!CC5 | R11: ='Destination Intelligence'!CE5 | S11: ='Destination Intelligence'!CG5 | T11: ='Destination Intelligence'!CI5 | U11: ='Destination Intelligence'!CK5 | V11: ='Destination Intelligence'!CM5 | W11: ='Destination Intelligence'!CO5 | X11: ='Destination Intelligence'!CQ5 | Y11: ='Destination Intelligence'!CS5 | Z11: ='Destination Intelligence'!CU5 | AA11: ='Destination Intelligence'!CW5 | AB11: ='Destination Intelligence'!CY5 | AC11: ='Destination Intelligence'!DA5 | AD11: ='Destination Intelligence'!DC5 | AE11: ='Destination Intelligence'!DE5 | AF11: ='Destination Intelligence'!DG5 | AG11: ='Destination Intelligence'!DI5 | AH11: ='Destination Intelligence'!DK5 | AI11: ='Destination Intelligence'!DM5 | AJ11: ='Destination Intelligence'!DO5 | AK11: ='Destination Intelligence'!DQ5 | AL11: Wildlife, Island Hopping | AM11: Medium | AN11: india-amritsar-jallianwala-bagh
A12: ='Destination Intelligence'!B6 | B12: ='Destination Intelligence'!C6 | C12: ='Destination Intelligence'!D6 | D12: ='Destination Intelligence'!E6 | E12: ='Destination Intelligence'!G6 | F12: ='Destination Intelligence'!H6 | G12: ='Destination Intelligence'!BI6 | H12: ='Destination Intelligence'!BK6 | I12: ='Destination Intelligence'!BM6 | J12: ='Destination Intelligence'!BO6 | K12: ='Destination Intelligence'!BQ6 | L12: ='Destination Intelligence'!BS6 | M12: ='Destination Intelligence'!BU6 | N12: ='Destination Intelligence'!BW6 | O12: ='Destination Intelligence'!BY6 | P12: ='Destination Intelligence'!CA6 | Q12: ='Destination Intelligence'!CC6 | R12: ='Destination Intelligence'!CE6 | S12: ='Destination Intelligence'!CG6 | T12: ='Destination Intelligence'!CI6 | U12: ='Destination Intelligence'!CK6 | V12: ='Destination Intelligence'!CM6 | W12: ='Destination Intelligence'!CO6 | X12: ='Destination Intelligence'!CQ6 | Y12: ='Destination Intelligence'!CS6 | Z12: ='Destination Intelligence'!CU6 | AA12: ='Destination Intelligence'!CW6 | AB12: ='Destination Intelligence'!CY6 | AC12: ='Destination Intelligence'!DA6 | AD12: ='Destination Intelligence'!DC6 | AE12: ='Destination Intelligence'!DE6 | AF12: ='Destination Intelligence'!DG6 | AG12: ='Destination Intelligence'!DI6 | AH12: ='Destination Intelligence'!DK6 | AI12: ='Destination Intelligence'!DM6 | AJ12: ='Destination Intelligence'!DO6 | AK12: ='Destination Intelligence'!DQ6 | AL12: Wildlife, Shopping, Island Hopping | AM12: Medium | AN12: india-andaman-port-blair
A13: ='Destination Intelligence'!B7 | B13: ='Destination Intelligence'!C7 | C13: ='Destination Intelligence'!D7 | D13: ='Destination Intelligence'!E7 | E13: ='Destination Intelligence'!G7 | F13: ='Destination Intelligence'!H7 | G13: ='Destination Intelligence'!BI7 | H13: ='Destination Intelligence'!BK7 | I13: ='Destination Intelligence'!BM7 | J13: ='Destination Intelligence'!BO7 | K13: ='Destination Intelligence'!BQ7 | L13: ='Destination Intelligence'!BS7 | M13: ='Destination Intelligence'!BU7 | N13: ='Destination Intelligence'!BW7 | O13: ='Destination Intelligence'!BY7 | P13: ='Destination Intelligence'!CA7 | Q13: ='Destination Intelligence'!CC7 | R13: ='Destination Intelligence'!CE7 | S13: ='Destination Intelligence'!CG7 | T13: ='Destination Intelligence'!CI7 | U13: ='Destination Intelligence'!CK7 | V13: ='Destination Intelligence'!CM7 | W13: ='Destination Intelligence'!CO7 | X13: ='Destination Intelligence'!CQ7 | Y13: ='Destination Intelligence'!CS7 | Z13: ='Destination Intelligence'!CU7 | AA13: ='Destination Intelligence'!CW7 | AB13: ='Destination Intelligence'!CY7 | AC13: ='Destination Intelligence'!DA7 | AD13: ='Destination Intelligence'!DC7 | AE13: ='Destination Intelligence'!DE7 | AF13: ='Destination Intelligence'!DG7 | AG13: ='Destination Intelligence'!DI7 | AH13: ='Destination Intelligence'!DK7 | AI13: ='Destination Intelligence'!DM7 | AJ13: ='Destination Intelligence'!DO7 | AK13: ='Destination Intelligence'!DQ7 | AL13: Mountains, Wildlife, Shopping | AM13: Medium | AN13: india-andaman-havelock
A14: ='Destination Intelligence'!B8 | B14: ='Destination Intelligence'!C8 | C14: ='Destination Intelligence'!D8 | D14: ='Destination Intelligence'!E8 | E14: ='Destination Intelligence'!G8 | F14: ='Destination Intelligence'!H8 | G14: ='Destination Intelligence'!BI8 | H14: ='Destination Intelligence'!BK8 | I14: ='Destination Intelligence'!BM8 | J14: ='Destination Intelligence'!BO8 | K14: ='Destination Intelligence'!BQ8 | L14: ='Destination Intelligence'!BS8 | M14: ='Destination Intelligence'!BU8 | N14: ='Destination Intelligence'!BW8 | O14: ='Destination Intelligence'!BY8 | P14: ='Destination Intelligence'!CA8 | Q14: ='Destination Intelligence'!CC8 | R14: ='Destination Intelligence'!CE8 | S14: ='Destination Intelligence'!CG8 | T14: ='Destination Intelligence'!CI8 | U14: ='Destination Intelligence'!CK8 | V14: ='Destination Intelligence'!CM8 | W14: ='Destination Intelligence'!CO8 | X14: ='Destination Intelligence'!CQ8 | Y14: ='Destination Intelligence'!CS8 | Z14: ='Destination Intelligence'!CU8 | AA14: ='Destination Intelligence'!CW8 | AB14: ='Destination Intelligence'!CY8 | AC14: ='Destination Intelligence'!DA8 | AD14: ='Destination Intelligence'!DC8 | AE14: ='Destination Intelligence'!DE8 | AF14: ='Destination Intelligence'!DG8 | AG14: ='Destination Intelligence'!DI8 | AH14: ='Destination Intelligence'!DK8 | AI14: ='Destination Intelligence'!DM8 | AJ14: ='Destination Intelligence'!DO8 | AK14: ='Destination Intelligence'!DQ8 | AL14: Mountains, Wildlife, Shopping | AM14: Medium | AN14: india-andaman-neil-island
A15: ='Destination Intelligence'!B9 | B15: ='Destination Intelligence'!C9 | C15: ='Destination Intelligence'!D9 | D15: ='Destination Intelligence'!E9 | E15: ='Destination Intelligence'!G9 | F15: ='Destination Intelligence'!H9 | G15: ='Destination Intelligence'!BI9 | H15: ='Destination Intelligence'!BK9 | I15: ='Destination Intelligence'!BM9 | J15: ='Destination Intelligence'!BO9 | K15: ='Destination Intelligence'!BQ9 | L15: ='Destination Intelligence'!BS9 | M15: ='Destination Intelligence'!BU9 | N15: ='Destination Intelligence'!BW9 | O15: ='Destination Intelligence'!BY9 | P15: ='Destination Intelligence'!CA9 | Q15: ='Destination Intelligence'!CC9 | R15: ='Destination Intelligence'!CE9 | S15: ='Destination Intelligence'!CG9 | T15: ='Destination Intelligence'!CI9 | U15: ='Destination Intelligence'!CK9 | V15: ='Destination Intelligence'!CM9 | W15: ='Destination Intelligence'!CO9 | X15: ='Destination Intelligence'!CQ9 | Y15: ='Destination Intelligence'!CS9 | Z15: ='Destination Intelligence'!CU9 | AA15: ='Destination Intelligence'!CW9 | AB15: ='Destination Intelligence'!CY9 | AC15: ='Destination Intelligence'!DA9 | AD15: ='Destination Intelligence'!DC9 | AE15: ='Destination Intelligence'!DE9 | AF15: ='Destination Intelligence'!DG9 | AG15: ='Destination Intelligence'!DI9 | AH15: ='Destination Intelligence'!DK9 | AI15: ='Destination Intelligence'!DM9 | AJ15: ='Destination Intelligence'!DO9 | AK15: ='Destination Intelligence'!DQ9 | AL15: Wellness, Shopping | AM15: Medium | AN15: india-andaman-baratang-island
A16: ='Destination Intelligence'!B10 | B16: ='Destination Intelligence'!C10 | C16: ='Destination Intelligence'!D10 | D16: ='Destination Intelligence'!E10 | E16: ='Destination Intelligence'!G10 | F16: ='Destination Intelligence'!H10 | G16: ='Destination Intelligence'!BI10 | H16: ='Destination Intelligence'!BK10 | I16: ='Destination Intelligence'!BM10 | J16: ='Destination Intelligence'!BO10 | K16: ='Destination Intelligence'!BQ10 | L16: ='Destination Intelligence'!BS10 | M16: ='Destination Intelligence'!BU10 | N16: ='Destination Intelligence'!BW10 | O16: ='Destination Intelligence'!BY10 | P16: ='Destination Intelligence'!CA10 | Q16: ='Destination Intelligence'!CC10 | R16: ='Destination Intelligence'!CE10 | S16: ='Destination Intelligence'!CG10 | T16: ='Destination Intelligence'!CI10 | U16: ='Destination Intelligence'!CK10 | V16: ='Destination Intelligence'!CM10 | W16: ='Destination Intelligence'!CO10 | X16: ='Destination Intelligence'!CQ10 | Y16: ='Destination Intelligence'!CS10 | Z16: ='Destination Intelligence'!CU10 | AA16: ='Destination Intelligence'!CW10 | AB16: ='Destination Intelligence'!CY10 | AC16: ='Destination Intelligence'!DA10 | AD16: ='Destination Intelligence'!DC10 | AE16: ='Destination Intelligence'!DE10 | AF16: ='Destination Intelligence'!DG10 | AG16: ='Destination Intelligence'!DI10 | AH16: ='Destination Intelligence'!DK10 | AI16: ='Destination Intelligence'!DM10 | AJ16: ='Destination Intelligence'!DO10 | AK16: ='Destination Intelligence'!DQ10 | AL16: Wildlife, Shopping | AM16: Medium | AN16: india-andaman-ross-island
A17: ='Destination Intelligence'!B11 | B17: ='Destination Intelligence'!C11 | C17: ='Destination Intelligence'!D11 | D17: ='Destination Intelligence'!E11 | E17: ='Destination Intelligence'!G11 | F17: ='Destination Intelligence'!H11 | G17: ='Destination Intelligence'!BI11 | H17: ='Destination Intelligence'!BK11 | I17: ='Destination Intelligence'!BM11 | J17: ='Destination Intelligence'!BO11 | K17: ='Destination Intelligence'!BQ11 | L17: ='Destination Intelligence'!BS11 | M17: ='Destination Intelligence'!BU11 | N17: ='Destination Intelligence'!BW11 | O17: ='Destination Intelligence'!BY11 | P17: ='Destination Intelligence'!CA11 | Q17: ='Destination Intelligence'!CC11 | R17: ='Destination Intelligence'!CE11 | S17: ='Destination Intelligence'!CG11 | T17: ='Destination Intelligence'!CI11 | U17: ='Destination Intelligence'!CK11 | V17: ='Destination Intelligence'!CM11 | W17: ='Destination Intelligence'!CO11 | X17: ='Destination Intelligence'!CQ11 | Y17: ='Destination Intelligence'!CS11 | Z17: ='Destination Intelligence'!CU11 | AA17: ='Destination Intelligence'!CW11 | AB17: ='Destination Intelligence'!CY11 | AC17: ='Destination Intelligence'!DA11 | AD17: ='Destination Intelligence'!DC11 | AE17: ='Destination Intelligence'!DE11 | AF17: ='Destination Intelligence'!DG11 | AG17: ='Destination Intelligence'!DI11 | AH17: ='Destination Intelligence'!DK11 | AI17: ='Destination Intelligence'!DM11 | AJ17: ='Destination Intelligence'!DO11 | AK17: ='Destination Intelligence'!DQ11 | AL17: Mountains, Wildlife, Wellness | AM17: Medium | AN17: india-andaman-north-bay-island
A18: ='Destination Intelligence'!B12 | B18: ='Destination Intelligence'!C12 | C18: ='Destination Intelligence'!D12 | D18: ='Destination Intelligence'!E12 | E18: ='Destination Intelligence'!G12 | F18: ='Destination Intelligence'!H12 | G18: ='Destination Intelligence'!BI12 | H18: ='Destination Intelligence'!BK12 | I18: ='Destination Intelligence'!BM12 | J18: ='Destination Intelligence'!BO12 | K18: ='Destination Intelligence'!BQ12 | L18: ='Destination Intelligence'!BS12 | M18: ='Destination Intelligence'!BU12 | N18: ='Destination Intelligence'!BW12 | O18: ='Destination Intelligence'!BY12 | P18: ='Destination Intelligence'!CA12 | Q18: ='Destination Intelligence'!CC12 | R18: ='Destination Intelligence'!CE12 | S18: ='Destination Intelligence'!CG12 | T18: ='Destination Intelligence'!CI12 | U18: ='Destination Intelligence'!CK12 | V18: ='Destination Intelligence'!CM12 | W18: ='Destination Intelligence'!CO12 | X18: ='Destination Intelligence'!CQ12 | Y18: ='Destination Intelligence'!CS12 | Z18: ='Destination Intelligence'!CU12 | AA18: ='Destination Intelligence'!CW12 | AB18: ='Destination Intelligence'!CY12 | AC18: ='Destination Intelligence'!DA12 | AD18: ='Destination Intelligence'!DC12 | AE18: ='Destination Intelligence'!DE12 | AF18: ='Destination Intelligence'!DG12 | AG18: ='Destination Intelligence'!DI12 | AH18: ='Destination Intelligence'!DK12 | AI18: ='Destination Intelligence'!DM12 | AJ18: ='Destination Intelligence'!DO12 | AK18: ='Destination Intelligence'!DQ12 | AL18: Mountains, Wildlife | AM18: Medium | AN18: india-goa-north-goa
A19: ='Destination Intelligence'!B13 | B19: ='Destination Intelligence'!C13 | C19: ='Destination Intelligence'!D13 | D19: ='Destination Intelligence'!E13 | E19: ='Destination Intelligence'!G13 | F19: ='Destination Intelligence'!H13 | G19: ='Destination Intelligence'!BI13 | H19: ='Destination Intelligence'!BK13 | I19: ='Destination Intelligence'!BM13 | J19: ='Destination Intelligence'!BO13 | K19: ='Destination Intelligence'!BQ13 | L19: ='Destination Intelligence'!BS13 | M19: ='Destination Intelligence'!BU13 | N19: ='Destination Intelligence'!BW13 | O19: ='Destination Intelligence'!BY13 | P19: ='Destination Intelligence'!CA13 | Q19: ='Destination Intelligence'!CC13 | R19: ='Destination Intelligence'!CE13 | S19: ='Destination Intelligence'!CG13 | T19: ='Destination Intelligence'!CI13 | U19: ='Destination Intelligence'!CK13 | V19: ='Destination Intelligence'!CM13 | W19: ='Destination Intelligence'!CO13 | X19: ='Destination Intelligence'!CQ13 | Y19: ='Destination Intelligence'!CS13 | Z19: ='Destination Intelligence'!CU13 | AA19: ='Destination Intelligence'!CW13 | AB19: ='Destination Intelligence'!CY13 | AC19: ='Destination Intelligence'!DA13 | AD19: ='Destination Intelligence'!DC13 | AE19: ='Destination Intelligence'!DE13 | AF19: ='Destination Intelligence'!DG13 | AG19: ='Destination Intelligence'!DI13 | AH19: ='Destination Intelligence'!DK13 | AI19: ='Destination Intelligence'!DM13 | AJ19: ='Destination Intelligence'!DO13 | AK19: ='Destination Intelligence'!DQ13 | AL19: Mountains, Wildlife, Celebrations | AM19: Medium | AN19: india-goa-south-goa
... A114: ='Destination Intelligence'!B108 | B114: ='Destination Intelligence'!C108 | C114: ='Destination Intelligence'!D108 | D114: ='Destination Intelligence'!E108 | E114: ='Destination Intelligence'!G108 | F114: ='Destination Intelligence'!H108 | G114: ='Destination Intelligence'!BI108 | H114: ='Destination Intelligence'!BK108 | I114: ='Destination Intelligence'!BM108 | J114: ='Destination Intelligence'!BO108 | K114: ='Destination Intelligence'!BQ108 | L114: ='Destination Intelligence'!BS108 | M114: ='Destination Intelligence'!BU108 | N114: ='Destination Intelligence'!BW108 | O114: ='Destination Intelligence'!BY108 | P114: ='Destination Intelligence'!CA108 | Q114: ='Destination Intelligence'!CC108 | R114: ='Destination Intelligence'!CE108 | S114: ='Destination Intelligence'!CG108 | T114: ='Destination Intelligence'!CI108 | U114: ='Destination Intelligence'!CK108 | V114: ='Destination Intelligence'!CM108 | W114: ='Destination Intelligence'!CO108 | X114: ='Destination Intelligence'!CQ108 | Y114: ='Destination Intelligence'!CS108 | Z114: ='Destination Intelligence'!CU108 | AA114: ='Destination Intelligence'!CW108 | AB114: ='Destination Intelligence'!CY108 | AC114: ='Destination Intelligence'!DA108 | AD114: ='Destination Intelligence'!DC108 | AE114: ='Destination Intelligence'!DE108 | AF114: ='Destination Intelligence'!DG108 | AG114: ='Destination Intelligence'!DI108 | AH114: ='Destination Intelligence'!DK108 | AI114: ='Destination Intelligence'!DM108 | AJ114: ='Destination Intelligence'!DO108 | AK114: ='Destination Intelligence'!DQ108 | AL114: Mountains, Wildlife, Shopping | AM114: Medium | AN114: vietnam-da-nang

Sheet Destination Intelligence
A1: Source Row | B1: Destination ID | C1: Region ID | D1: Destination | E1: Region | F1: Travel Scope | G1: Record Type | H1: Journey Base Status | I1: Parent Region | J1: Journey Identity | K1: Primary Experiences | L1: Secondary Experiences | M1: Signature Experiences | N1: Best For | O1: Emotional Outcomes | P1: Strengths | Q1: Avoid When | R1: Comfort Range | S1: Journey Pace | T1: Suggested Minimum Duration | U1: Suggested Ideal Duration | V1: Best Season | W1: Shoulder Season | X1: Seasonal Cautions | Y1: Operational Confidence | Z1: Confidence Explanation | AA1: Airport or Arrival Gateway | AB1: Typical Transfer Complexity | AC1: Family Friendliness | AD1: Senior Friendliness | AE1: Accessibility Considerations | AF1: Business Travel Suitability | AG1: Connectivity Reliability | AH1: Food Variety | AI1: Vegetarian Friendliness | AJ1: Shopping Strength | AK1: Nightlife Strength | AL1: Wellness Strength | AM1: Adventure Intensity | AN1: Physical Activity Level | AO1: Arrival | AP1: First Impression | AQ1: Shared Moment | AR1: Signature Experience Seed | AS1: Relaxation Moment | AT1: Local Discovery | AU1: Food or Cultural Moment | AV1: Journey High Point | AW1: Journey Ending | AX1: Why This Region | AY1: Worth Considering | AZ1: Potential Trade-off | BA1: Suggested Duration | BB1: Journey Rhythm | BC1: Arrival Phase | BD1: Discovery Phase | BE1: Signature Day | BF1: Slow or Recovery Phase | BG1: Optional Extension | BH1: Departure Phase | BI1: Traveller — Solo Score | BJ1: Traveller — Solo Reason | BK1: Traveller — Couple Score | BL1: Traveller — Couple Reason | BM1: Traveller — Family Score | BN1: Traveller — Family Reason | BO1: Traveller — Friends Score | BP1: Traveller — Friends Reason | BQ1: Traveller — Business Score | BR1: Traveller — Business Reason | BS1: Emotion — Healing Score | BT1: Emotion — Healing Reason | BU1: Emotion — Celebration Score | BV1: Emotion — Celebration Reason | BW1: Emotion — Freedom Score | BX1: Emotion — Freedom Reason | BY1: Emotion — Escape Score | BZ1: Emotion — Escape Reason | CA1: Emotion — Adventure Score | CB1: Emotion — Adventure Reason | CC1: Emotion — Discovery Score | CD1: Emotion — Discovery Reason | CE1: Emotion — Reconnection Score | CF1: Emotion — Reconnection Reason | CG1: Emotion — Slow Living Score | CH1: Emotion — Slow Living Reason | CI1: Emotion — Relax Score | CJ1: Emotion — Relax Reason | CK1: Emotion — Explore Score | CL1: Emotion — Explore Reason | CM1: Emotion — Romance Score | CN1: Emotion — Romance Reason | CO1: Experience — Beach Score | CP1: Experience — Beach Reason | CQ1: Experience — Mountains Score | CR1: Experience — Mountains Reason | CS1: Experience — Wildlife Score | CT1: Experience — Wildlife Reason | CU1: Experience — Culture Score | CV1: Experience — Culture Reason | CW1: Experience — Food Score | CX1: Experience — Food Reason | CY1: Experience — Wellness Score | CZ1: Experience — Wellness Reason | DA1: Experience — Luxury Score | DB1: Experience — Luxury Reason | DC1: Experience — Shopping Score | DD1: Experience — Shopping Reason | DE1: Experience — Spiritual Score | DF1: Experience — Spiritual Reason | DG1: Experience — Adventure Score | DH1: Experience — Adventure Reason | DI1: Experience — Photography Score | DJ1: Experience — Photography Reason | DK1: Experience — Island Hopping Score | DL1: Experience — Island Hopping Reason | DM1: Experience — Heritage Score | DN1: Experience — Heritage Reason | DO1: Experience — Nature Score | DP1: Experience — Nature Reason | DQ1: Experience — Celebrations Score | DR1: Experience — Celebrations Reason
A2: 2 | B2: india-agra | C2: india-agra-agra | D2: Agra | E2: Agra | F2: Domestic | G2: City | H2: Yes | J2: Monumental Mughal heritage shaped by architecture, history, craft and romance. Agra is differentiated by heritage, culture, photography. | K2: Heritage, Culture, Photography | L2: Food | M2: Agra: Heritage, Culture, Photography with Food | N2: Solo, Family, Business | O2: Discovery, Explore, Reconnection, Freedom, Celebration | P2: Heritage, Culture, Photography; balanced / explorer rhythm; city context. | Q2: Avoid when the traveller requires Wildlife, Island Hopping as the journey's defining purpose. | R2: Balanced / Premium | S2: Balanced / Explorer | T2: 2 nights | U2: 2–3 nights | V2: Cooler months generally support more comfortable exploration. | W2: Spring and autumn require current heat and crowd review. | X2: Heat, haze, crowds and monument operating conditions require live confirmation. | Y2: Medium | Z2: Medium — suitable for business review; live service, access and season checks remain mandatory. | AA2: Agra rail/road gateway; Delhi connectivity commonly considered | AB2: Low / Moderate | AC2: High / Moderate | AD2: Moderate — supplier-specific review required | AE2: REVIEW_REQUIRED — confirm terrain, step-free access and supplier-specific support. | AF2: Strong | AG2: Generally Strong; live check required | AH2: Strong | AI2: Generally available; supplier confirmation required | AJ2: Limited | AK2: Limited | AL2: Limited / Supporting | AM2: Low / Moderate | AN2: Low / Moderate | AO2: Arrival through Agra rail/road gateway; Delhi connectivity commonly considered; protect time for transfer and orientation before Agra exploration. | AP2: Agra first impression centred on heritage, not broad Agra branding. | AQ2: Shared culture moment in Agra, paced for the selected traveller type. | AR2: Agra: Heritage, Culture, Photography with Food | AS2: A protected low-intensity pause after the principal heritage experience. | AT2: Region-specific discovery in Agra through food; verify local operator context. | AU2: A verified food moment rooted in Agra; confirm operating context. | AV2: Journey high point built around agra: heritage, culture, photography with food. | AW2: Unhurried departure from Agra with transfer conditions reconfirmed. | AX2: Agra is preferred when heritage, culture, photography are stronger than the destination's other regional personalities. | AY2: Heritage, Culture, Photography; balanced / explorer rhythm; city context. Suitable only after operational and seasonal checks. | AZ2: Heat, haze, crowds and monument operating conditions require live confirmation. | BA2: 2–3 nights | BB2: Balanced / Explorer | BC2: Arrival, transfer and orientation | BD2: Context-led food discovery | BE2: Agra: Heritage, Culture, Photography with Food | BF2: Protected slow time | BG2: REVIEW_REQUIRED — approve a compatible extension outside Agra. | BH2: Flexible departure with transfer buffer | BI2: 4 | BJ2: TRAVELLER_STRONG_MATCH — Heritage and Culture align with the solo characteristics in the workbook. | BK2: 3 | BL2: TRAVELLER_SUITABLE — Suitable with itinerary design tailored to couple priorities. | BM2: 4 | BN2: TRAVELLER_STRONG_MATCH — Heritage and Culture align with the family characteristics in the workbook. | BO2: 3 | BP2: TRAVELLER_SUITABLE — Suitable with itinerary design tailored to friends priorities. | BQ2: 4 | BR2: TRAVELLER_STRONG_MATCH — Heritage and Culture align with the business characteristics in the workbook. | BS2: 1 | BT2: EMOTION_WEAK_MATCH — Healing is not a defining outcome for this region record. | BU2: 3 | BV2: EMOTION_SUPPORTING_MATCH — Celebration can be supported as a secondary outcome with appropriate pacing. | BW2: 3 | BX2: EMOTION_SUPPORTING_MATCH — Freedom can be supported as a secondary outcome with appropriate pacing. | BY2: 1 | BZ2: EMOTION_WEAK_MATCH — Escape is not a defining outcome for this region record. | CA2: 1 | CB2: EMOTION_WEAK_MATCH — Adventure is not a defining outcome for this region record. | CC2: 5 | CD2: EMOTION_DIRECT_MATCH — Region-specific experiences directly support discovery. | CE2: 4 | CF2: EMOTION_DIRECT_MATCH — Region-specific experiences directly support reconnection. | CG2: 1 | CH2: EMOTION_WEAK_MATCH — Slow Living is not a defining outcome for this region record. | CI2: 1 | CJ2: EMOTION_WEAK_MATCH — Relax is not a defining outcome for this region record. | CK2: 4 | CL2: EMOTION_DIRECT_MATCH — Region-specific experiences directly support explore. | CM2: 1 | CN2: EMOTION_WEAK_MATCH — Romance is not a defining outcome for this region record. | CO2: 1 | CP2: EXPERIENCE_WEAK_MATCH — Beach is not a defining experience for this region. | CQ2: 1 | CR2: EXPERIENCE_WEAK_MATCH — Mountains is not a defining experience for this region. | CS2: 0 | CT2: CONTRADICTION_EXPERIENCE_MISMATCH — Do not select this record for a wildlife-first journey. | CU2: 5 | CV2: EXPERIENCE_PRIMARY_MATCH — Culture is a defining region-specific experience. | CW2: 4 | CX2: EXPERIENCE_SECONDARY_MATCH — Food is credible supporting intelligence for this region. | CY2: 1 | CZ2: EXPERIENCE_WEAK_MATCH — Wellness is not a defining experience for this region. | DA2: 1 | DB2: EXPERIENCE_WEAK_MATCH — Luxury is not a defining experience for this region. | DC2: 1 | DD2: EXPERIENCE_WEAK_MATCH — Shopping is not a defining experience for this region. | DE2: 1 | DF2: EXPERIENCE_WEAK_MATCH — Spiritual is not a defining experience for this region. | DG2: 1 | DH2: EXPERIENCE_WEAK_MATCH — Adventure is not a defining experience for this region. | DI2: 5 | DJ2: EXPERIENCE_PRIMARY_MATCH — Photography is a defining region-specific experience. | DK2: 0 | DL2: CONTRADICTION_EXPERIENCE_MISMATCH — Do not select this record for a island hopping-first journey. | DM2: 5 | DN2: EXPERIENCE_PRIMARY_MATCH — Heritage is a defining region-specific experience. | DO2: 1 | DP2: EXPERIENCE_WEAK_MATCH — Nature is not a defining experience for this region. | DQ2: 1 | DR2: EXPERIENCE_WEAK_MATCH — Celebrations is not a defining experience for this region.
A3: 3 | B3: india-amritsar | C3: india-amritsar-golden-temple | D3: Amritsar | E3: Golden Temple | F3: Domestic | G3: Attraction | H3: No | I3: Amritsar | J3: Golden Temple is an attraction within Amritsar, not an independent destination personality. | K3: Spiritual, Heritage, Culture | L3: Photography | M3: Context-led visit to Golden Temple | N3: REVIEW_REQUIRED | O3: Healing, Reconnection, Slow Living, Discovery, Explore, Freedom | P3: Spiritual, Heritage, Culture; relaxed / balanced rhythm; attraction context. | Q3: Avoid when the traveller requires Celebrations, Wildlife, Island Hopping as the journey's defining purpose. | R3: Simple / Balanced / Premium | S3: Relaxed / Balanced | T3: Half day | U3: Half to full day | V3: Cooler months are generally more comfortable. | W3: Transitional months can work with heat planning. | X3: Sacred protocols, event crowds and heat require current review. | Y3: Medium | Z3: Medium — identity is supported, but this record must not be treated as an independent journey base. | AA3: Amritsar airport / rail gateway | AB3: Moderate | AC3: High / Moderate | AD3: Moderate — supplier-specific review required | AE3: REVIEW_REQUIRED — confirm terrain, step-free access and supplier-specific support. | AF3: Limited | AG3: Moderate; live check required | AH3: Moderate / REVIEW_REQUIRED | AI3: Generally available; supplier confirmation required | AJ3: Limited | AK3: Limited | AL3: Limited / Supporting | AM3: Low / Moderate | AN3: Low / Moderate | AO3: Arrival through Amritsar airport / rail gateway; protect time for transfer and orientation before Golden Temple exploration. | AP3: Golden Temple first impression centred on spiritual, not broad Amritsar branding. | AQ3: Shared heritage moment in Golden Temple, paced for the selected traveller type. | AR3: Context-led visit to Golden Temple | AS3: A protected low-intensity pause after the principal spiritual experience. | AT3: Region-specific discovery in Golden Temple through photography; verify local operator context. | AU3: A verified cultural moment rooted in Golden Temple; confirm operating context. | AV3: Journey high point built around context-led visit to golden temple. | AW3: Unhurried departure from Golden Temple with transfer conditions reconfirmed. | AX3: Golden Temple is preferred when spiritual, heritage, culture are stronger than the destination's other regional personalities. | AY3: Spiritual, Heritage, Culture; relaxed / balanced rhythm; attraction context. Suitable only after operational and seasonal checks. | AZ3: Sacred protocols, event crowds and heat require current review. | BA3: Half to full day | BB3: Relaxed / Balanced | BC3: Arrival, transfer and orientation | BD3: Context-led photography discovery | BE3: Context-led visit to Golden Temple | BF3: Protected slow time | BG3: REVIEW_REQUIRED — approve a compatible extension outside Golden Temple. | BH3: Flexible departure with transfer buffer | BI3: 3 | BJ3: TRAVELLER_SUITABLE — Suitable with itinerary design tailored to solo priorities. | BK3: 3 | BL3: TRAVELLER_SUITABLE — Suitable with itinerary design tailored to couple priorities. | BM3: 3 | BN3: TRAVELLER_SUITABLE — Suitable with itinerary design tailored to family priorities. | BO3: 3 | BP3: TRAVELLER_SUITABLE — Suitable with itinerary design tailored to friends priorities. | BQ3: 2 | BR3: TRAVELLER_LIMITED — This record is not a natural standalone business base; use only with a clear purpose. | BS3: 5 | BT3: EMOTION_DIRECT_MATCH — Region-specific experiences directly support healing. | BU3: 1 | BV3: EMOTION_WEAK_MATCH — Celebration is not a defining outcome for this region record. | BW3: 3 | BX3: EMOTION_SUPPORTING_MATCH — Freedom can be supported as a secondary outcome with appropriate pacing. | BY3: 1 | BZ3: EMOTION_WEAK_MATCH — Escape is not a defining outcome for this region record. | CA3: 1 | CB3: EMOTION_WEAK_MATCH — Adventure is not a defining outcome for this region record. | CC3: 3 | CD3: EMOTION_SUPPORTING_MATCH — Discovery can be supported as a secondary outcome with appropriate pacing. | CE3: 4 | CF3: EMOTION_DIRECT_MATCH — Region-specific experiences directly support reconnection. | CG3: 4 | CH3: EMOTION_DIRECT_MATCH — Region-specific experiences directly support slow living. | CI3: 1 | CJ3: EMOTION_WEAK_MATCH — Relax is not a defining outcome for this region record. | CK3: 3 | CL3: EMOTION_SUPPORTING_MATCH — Explore can be supported as a secondary outcome with appropriate pacing. | CM3: 1 | CN3: EMOTION_WEAK_MATCH — Romance is not a defining outcome for this region record. | CO3: 1 | CP3: EXPERIENCE_WEAK_MATCH — Beach is not a defining experience for this region. | CQ3: 1 | CR3: EXPERIENCE_WEAK_MATCH — Mountains is not a defining experience for this region. | CS3: 0 | CT3: CONTRADICTION_EXPERIENCE_MISMATCH — Do not select this record for a wildlife-first journey. | CU3: 5 | CV3: EXPERIENCE_PRIMARY_MATCH — Culture is a defining region-specific experience. | CW3: 1 | CX3: EXPERIENCE_WEAK_MATCH — Food is not a defining experience for this region. | CY3: 1 | CZ3: EXPERIENCE_WEAK_MATCH — Wellness is not a defining experience for this region. | DA3: 1 | DB3: EXPERIENCE_WEAK_MATCH — Luxury is not a defining experience for this region. | DC3: 1 | DD3: EXPERIENCE_WEAK_MATCH — Shopping is not a defining experience for this region. | DE3: 5 | DF3: EXPERIENCE_PRIMARY_MATCH — Spiritual is a defining region-specific experience. | DG3: 1 | DH3: EXPERIENCE_WEAK_MATCH — Adventure is not a defining experience for this region. | DI3: 4 | DJ3: EXPERIENCE_SECONDARY_MATCH — Photography is credible supporting intelligence for this region. | DK3: 0 | DL3: CONTRADICTION_EXPERIENCE_MISMATCH — Do not select this record for a island hopping-first journey. | DM3: 5 | DN3: EXPERIENCE_PRIMARY_MATCH — Heritage is a defining region-specific experience. | DO3: 1 | DP3: EXPERIENCE_WEAK_MATCH — Nature is not a defining experience for this region. | DQ3: 0 | DR3: CONTRADICTION_EXPERIENCE_MISMATCH — Do not select this record for a celebrations-first journey.
A4: 4 | B4: india-amritsar | C4: india-amritsar-wagah-border | D4: Amritsar | E4: Wagah Border | F4: Domestic | G4: Attraction | H4: No | I4: Amritsar | J4: Wagah Border is an attraction within Amritsar, not an independent destination personality. | K4: Celebrations, Culture, Photography | M4: Context-led visit to Wagah Border | N4: REVIEW_REQUIRED | O4: Celebration, Reconnection, Romance, Discovery, Explore, Freedom | P4: Celebrations, Culture, Photography; relaxed / balanced rhythm; attraction context. | Q4: Avoid when the traveller requires Wildlife, Spiritual as the journey's defining purpose. | R4: Simple / Balanced / Premium | S4: Relaxed / Balanced | T4: Half day | U4: Half to full day | V4: Cooler months are generally more comfortable. | W4: Transitional months can work with heat planning. | X4: Sacred protocols, event crowds and heat require current review. | Y4: Medium | Z4: Medium — identity is supported, but this record must not be treated as an independent journey base. | AA4: Amritsar airport / rail gateway | AB4: Moderate | AC4: High / Moderate | AD4: Moderate — supplier-specific review required | AE4: REVIEW_REQUIRED — confirm terrain, step-free access and supplier-specific support. | AF4: Limited | AG4: Moderate; live check required | AH4: Moderate / REVIEW_REQUIRED | AI4: Generally available; supplier confirmation required | AJ4: Limited | AK4: Strong / Region-specific | AL4: Limited / Supporting | AM4: Low / Moderate | AN4: Low / Moderate | AO4: Arrival through Amritsar airport / rail gateway; protect time for transfer and orientation before Wagah Border exploration. | AP4: Wagah Border first impression centred on celebrations, not broad Amritsar branding. | AQ4: Shared culture moment in Wagah Border, paced for the selected traveller type. | AR4: Context-led visit to Wagah Border | AS4: A protected low-intensity pause after the principal celebrations experience. | AT4: Region-specific discovery in Wagah Border through celebrations; verify local operator context. | AU4: A verified cultural moment rooted in Wagah Border; confirm operating context. | AV4: Journey high point built around context-led visit to wagah border. | AW4: Unhurried departure from Wagah Border with transfer conditions reconfirmed. | AX4: Wagah Border is preferred when celebrations, culture, photography are stronger than the destination's other regional personalities. | AY4: Celebrations, Culture, Photography; relaxed / balanced rhythm; attraction context. Suitable only after operational and seasonal checks. | AZ4: Sacred protocols, event crowds and heat require current review. | BA4: Half to full day | BB4: Relaxed / Balanced | BC4: Arrival, transfer and orientation | BD4: Context-led celebrations discovery | BE4: Context-led visit to Wagah Border | BF4: Protected slow time | BG4: REVIEW_REQUIRED — approve a compatible extension outside Wagah Border. | BH4: Flexible departure with transfer buffer | BI4: 3 | BJ4: TRAVELLER_SUITABLE — Suitable with itinerary design tailored to solo priorities. | BK4: 3 | BL4: TRAVELLER_SUITABLE — Suitable with itinerary design tailored to couple priorities. | BM4: 3 | BN4: TRAVELLER_SUITABLE — Suitable with itinerary design tailored to family priorities. | BO4: 3 | BP4: TRAVELLER_SUITABLE — Suitable with itinerary design tailored to friends priorities. | BQ4: 2 | BR4: TRAVELLER_LIMITED — This record is not a natural standalone business base; use only with a clear purpose. | BS4: 1 | BT4: EMOTION_WEAK_MATCH — Healing is not a defining outcome for this region record. | BU4: 5 | BV4: EMOTION_DIRECT_MATCH — Region-specific experiences directly support celebration. | BW4: 3 | BX4: EMOTION_SUPPORTING_MATCH — Freedom can be supported as a secondary outcome with appropriate pacing. | BY4: 1 | BZ4: EMOTION_WEAK_MATCH — Escape is not a defining outcome for this region record. | CA4: 1 | CB4: EMOTION_WEAK_MATCH — Adventure is not a defining outcome for this region record. | CC4: 3 | CD4: EMOTION_SUPPORTING_MATCH — Discovery can be supported as a secondary outcome with appropriate pacing. | CE4: 4 | CF4: EMOTION_DIRECT_MATCH — Region-specific experiences directly support reconnection. | CG4: 1 | CH4: EMOTION_WEAK_MATCH — Slow Living is not a defining outcome for this region record. | CI4: 1 | CJ4: EMOTION_WEAK_MATCH — Relax is not a defining outcome for this region record. | CK4: 3 | CL4: EMOTION_SUPPORTING_MATCH — Explore can be supported as a secondary outcome with appropriate pacing. | CM4: 4 | CN4: EMOTION_DIRECT_MATCH — Region-specific experiences directly support romance. | CO4: 1 | CP4: EXPERIENCE_WEAK_MATCH — Beach is not a defining experience for this region. | CQ4: 1 | CR4: EXPERIENCE_WEAK_MATCH — Mountains is not a defining experience for this region. | CS4: 0 | CT4: CONTRADICTION_EXPERIENCE_MISMATCH — Do not select this record for a wildlife-first journey. | CU4: 5 | CV4: EXPERIENCE_PRIMARY_MATCH — Culture is a defining region-specific experience. | CW4: 1 | CX4: EXPERIENCE_WEAK_MATCH — Food is not a defining experience for this region. | CY4: 1 | CZ4: EXPERIENCE_WEAK_MATCH — Wellness is not a defining experience for this region. | DA4: 1 | DB4: EXPERIENCE_WEAK_MATCH — Luxury is not a defining experience for this region. | DC4: 1 | DD4: EXPERIENCE_WEAK_MATCH — Shopping is not a defining experience for this region. | DE4: 0 | DF4: CONTRADICTION_EXPERIENCE_MISMATCH — Do not select this record for a spiritual-first journey. | DG4: 1 | DH4: EXPERIENCE_WEAK_MATCH — Adventure is not a defining experience for this region. | DI4: 5 | DJ4: EXPERIENCE_PRIMARY_MATCH — Photography is a defining region-specific experience. | DK4: 1 | DL4: EXPERIENCE_WEAK_MATCH — Island Hopping is not a defining experience for this region. | DM4: 1 | DN4: EXPERIENCE_WEAK_MATCH — Heritage is not a defining experience for this region. | DO4: 1 | DP4: EXPERIENCE_WEAK_MATCH — Nature is not a defining experience for this region. | DQ4: 5 | DR4: EXPERIENCE_PRIMARY_MATCH — Celebrations is a defining region-specific experience.
A5: 5 | B5: india-amritsar | C5: india-amritsar-jallianwala-bagh | D5: Amritsar | E5: Jallianwala Bagh | F5: Domestic | G5: Attraction | H5: No | I5: Amritsar | J5: Jallianwala Bagh is an attraction within Amritsar, not an independent destination personality. | K5: Heritage, Culture, Photography | M5: Context-led visit to Jallianwala Bagh | N5: REVIEW_REQUIRED | O5: Discovery, Explore, Reconnection, Freedom | P5: Heritage, Culture, Photography; relaxed / balanced rhythm; attraction context. | Q5: Avoid when the traveller requires Wildlife, Island Hopping as the journey's defining purpose. | R5: Simple / Balanced / Premium | S5: Relaxed / Balanced | T5: Half day | U5: Half to full day | V5: Cooler months are generally more comfortable. | W5: Transitional months can work with heat planning. | X5: Sacred protocols, event crowds and heat require current review. | Y5: Medium | Z5: Medium — identity is supported, but this record must not be treated as an independent journey base. | AA5: Amritsar airport / rail gateway | AB5: Moderate | AC5: High / Moderate | AD5: Moderate — supplier-specific review required | AE5: REVIEW_REQUIRED — confirm terrain, step-free access and supplier-specific support. | AF5: Limited | AG5: Moderate; live check required | AH5: Moderate / REVIEW_REQUIRED | AI5: Generally available; supplier confirmation required | AJ5: Limited | AK5: Limited | AL5: Limited / Supporting | AM5: Low / Moderate | AN5: Low / Moderate | AO5: Arrival through Amritsar airport / rail gateway; protect time for transfer and orientation before Jallianwala Bagh exploration. | AP5: Jallianwala Bagh first impression centred on heritage, not broad Amritsar branding. | AQ5: Shared culture moment in Jallianwala Bagh, paced for the selected traveller type. | AR5: Context-led visit to Jallianwala Bagh | AS5: A protected low-intensity pause after the principal heritage experience. | AT5: Region-specific discovery in Jallianwala Bagh through heritage; verify local operator context. | AU5: A verified cultural moment rooted in Jallianwala Bagh; confirm operating context. | AV5: Journey high point built around context-led visit to jallianwala bagh. | AW5: Unhurried departure from Jallianwala Bagh with transfer conditions reconfirmed. | AX5: Jallianwala Bagh is preferred when heritage, culture, photography are stronger than the destination's other regional personalities. | AY5: Heritage, Culture, Photography; relaxed / balanced rhythm; attraction context. Suitable only after operational and seasonal checks. | AZ5: Sacred protocols, event crowds and heat require current review. | BA5: Half to full day | BB5: Relaxed / Balanced | BC5: Arrival, transfer and orientation | BD5: Context-led heritage discovery | BE5: Context-led visit to Jallianwala Bagh | BF5: Protected slow time | BG5: REVIEW_REQUIRED — approve a compatible extension outside Jallianwala Bagh. | BH5: Flexible departure with transfer buffer | BI5: 3 | BJ5: TRAVELLER_SUITABLE — Suitable with itinerary design tailored to solo priorities. | BK5: 3 | BL5: TRAVELLER_SUITABLE — Suitable with itinerary design tailored to couple priorities. | BM5: 3 | BN5: TRAVELLER_SUITABLE — Suitable with itinerary design tailored to family priorities. | BO5: 3 | BP5: TRAVELLER_SUITABLE — Suitable with itinerary design tailored to friends priorities. | BQ5: 2 | BR5: TRAVELLER_LIMITED — This record is not a natural standalone business base; use only with a clear purpose. | BS5: 1 | BT5: EMOTION_WEAK_MATCH — Healing is not a defining outcome for this region record. | BU5: 1 | BV5: EMOTION_WEAK_MATCH — Celebration is not a defining outcome for this region record. | BW5: 3 | BX5: EMOTION_SUPPORTING_MATCH — Freedom can be supported as a secondary outcome with appropriate pacing. | BY5: 1 | BZ5: EMOTION_WEAK_MATCH — Escape is not a defining outcome for this region record. | CA5: 1 | CB5: EMOTION_WEAK_MATCH — Adventure is not a defining outcome for this region record. | CC5: 5 | CD5: EMOTION_DIRECT_MATCH — Region-specific experiences directly support discovery. | CE5: 4 | CF5: EMOTION_DIRECT_MATCH — Region-specific experiences directly support reconnection. | CG5: 1 | CH5: EMOTION_WEAK_MATCH — Slow Living is not a defining outcome for this region record. | CI5: 1 | CJ5: EMOTION_WEAK_MATCH — Relax is not a defining outcome for this region record. | CK5: 4 | CL5: EMOTION_DIRECT_MATCH — Region-specific experiences directly support explore. | CM5: 1 | CN5: EMOTION_WEAK_MATCH — Romance is not a defining outcome for this region record. | CO5: 1 | CP5: EXPERIENCE_WEAK_MATCH — Beach is not a defining experience for this region. | CQ5: 1 | CR5: EXPERIENCE_WEAK_MATCH — Mountains is not a defining experience for this region. | CS5: 0 | CT5: CONTRADICTION_EXPERIENCE_MISMATCH — Do not select this record for a wildlife-first journey. | CU5: 5 | CV5: EXPERIENCE_PRIMARY_MATCH — Culture is a defining region-specific experience. | CW5: 1 | CX5: EXPERIENCE_WEAK_MATCH — Food is not a defining experience for this region. | CY5: 1 | CZ5: EXPERIENCE_WEAK_MATCH — Wellness is not a defining experience for this region. | DA5: 1 | DB5: EXPERIENCE_WEAK_MATCH — Luxury is not a defining experience for this region. | DC5: 1 | DD5: EXPERIENCE_WEAK_MATCH — Shopping is not a defining experience for this region. | DE5: 1 | DF5: EXPERIENCE_WEAK_MATCH — Spiritual is not a defining experience for this region. | DG5: 1 | DH5: EXPERIENCE_WEAK_MATCH — Adventure is not a defining experience for this region. | DI5: 5 | DJ5: EXPERIENCE_PRIMARY_MATCH — Photography is a defining region-specific experience. | DK5: 0 | DL5: CONTRADICTION_EXPERIENCE_MISMATCH — Do not select this record for a island hopping-first journey. | DM5: 5 | DN5: EXPERIENCE_PRIMARY_MATCH — Heritage is a defining region-specific experience. | DO5: 1 | DP5: EXPERIENCE_WEAK_MATCH — Nature is not a defining experience for this region. | DQ5: 1 | DR5: EXPERIENCE_WEAK_MATCH — Celebrations is not a defining experience for this region.
A6: 6 | B6: india-andaman | C6: india-andaman-port-blair | D6: Andaman | E6: Port Blair | F6: Domestic | G6: Journey Base | H6: Yes | I6: Andaman | J6: An island journey combining beaches, marine nature, history and inter-island discovery. Port Blair is differentiated by heritage, culture, nature. | K6: Heritage, Culture, Nature | L6: Food | M6: Port Blair: Heritage, Culture, Nature with Food | N6: Solo, Family | O6: Discovery, Explore, Reconnection, Healing, Relax, Celebration | P6: Heritage, Culture, Nature; relaxed / balanced rhythm; journey base context. | Q6: Avoid when the traveller requires Wildlife, Island Hopping, Shopping as the journey's defining purpose. | R6: Balanced / Premium | S6: Relaxed / Balanced | T6: 2 nights | U6: 3 nights | V6: Sea and weather conditions determine practical suitability. | W6: Shoulder periods require ferry and marine-condition checks. | X6: Ferries, weather and water activities require live operational confirmation. | Y6: Medium | Z6: Medium — suitable for business review; live service, access and season checks remain mandatory. | AA6: Port Blair | AB6: Moderate | AC6: High / Moderate | AD6: Moderate — supplier-specific review required | AE6: REVIEW_REQUIRED — confirm terrain, step-free access and supplier-specific support. | AF6: Limited | AG6: Moderate; live check required | AH6: Strong | AI6: Generally available; supplier confirmation required | AJ6: Limited | AK6: Limited | AL6: Limited / Supporting | AM6: Low / Moderate | AN6: Low / Moderate | AO6: Arrival through Port Blair; protect time for transfer and orientation before Port Blair exploration. | AP6: Port Blair first impression centred on heritage, not broad Andaman branding. | AQ6: Shared culture moment in Port Blair, paced for the selected traveller type. | AR6: Port Blair: Heritage, Culture, Nature with Food | AS6: Unscheduled pause connected to Port Blair's heritage setting. | AT6: Region-specific discovery in Port Blair through food; verify local operator context. | AU6: A verified food moment rooted in Port Blair; confirm operating context. | AV6: Journey high point built around port blair: heritage, culture, nature with food. | AW6: Unhurried departure from Port Blair with transfer conditions reconfirmed. | AX6: Port Blair is preferred when heritage, culture, nature are stronger than the destination's other regional personalities. | AY6: Heritage, Culture, Nature; relaxed / balanced rhythm; journey base context. Suitable only after operational and seasonal checks. | AZ6: Ferries, weather and water activities require live operational confirmation. | BA6: 3 nights | BB6: Relaxed / Balanced | BC6: Arrival, transfer and orientation | BD6: Context-led food discovery | BE6: Port Blair: Heritage, Culture, Nature with Food | BF6: Protected slow time | BG6: REVIEW_REQUIRED — approve a compatible extension outside Port Blair. | BH6: Flexible departure with transfer buffer | BI6: 4 | BJ6: TRAVELLER_STRONG_MATCH — Heritage and Culture align with the solo characteristics in the workbook. | BK6: 3 | BL6: TRAVELLER_SUITABLE — Suitable with itinerary design tailored to couple priorities. | BM6: 4 | BN6: TRAVELLER_STRONG_MATCH — Heritage and Culture align with the family characteristics in the workbook. | BO6: 3 | BP6: TRAVELLER_SUITABLE — Suitable with itinerary design tailored to friends priorities. | BQ6: 2 | BR6: TRAVELLER_LIMITED — This record is not a natural standalone business base; use only with a clear purpose. | BS6: 3 | BT6: EMOTION_SUPPORTING_MATCH — Healing can be supported as a secondary outcome with appropriate pacing. | BU6: 3 | BV6: EMOTION_SUPPORTING_MATCH — Celebration can be supported as a secondary outcome with appropriate pacing. | BW6: 1 | BX6: EMOTION_WEAK_MATCH — Freedom is not a defining outcome for this region record. | BY6: 1 | BZ6: EMOTION_WEAK_MATCH — Escape is not a defining outcome for this region record. | CA6: 1 | CB6: EMOTION_WEAK_MATCH — Adventure is not a defining outcome for this region record. | CC6: 5 | CD6: EMOTION_DIRECT_MATCH — Region-specific experiences directly support discovery. | CE6: 4 | CF6: EMOTION_DIRECT_MATCH — Region-specific experiences directly support reconnection. | CG6: 1 | CH6: EMOTION_WEAK_MATCH — Slow Living is not a defining outcome for this region record. | CI6: 3 | CJ6: EMOTION_SUPPORTING_MATCH — Relax can be supported as a secondary outcome with appropriate pacing. | CK6: 4 | CL6: EMOTION_DIRECT_MATCH — Region-specific experiences directly support explore. | CM6: 1 | CN6: EMOTION_WEAK_MATCH — Romance is not a defining outcome for this region record. | CO6: 1 | CP6: EXPERIENCE_WEAK_MATCH — Beach is not a defining experience for this region. | CQ6: 1 | CR6: EXPERIENCE_WEAK_MATCH — Mountains is not a defining experience for this region. | CS6: 0 | CT6: CONTRADICTION_EXPERIENCE_MISMATCH — Do not select this record for a wildlife-first journey. | CU6: 5 | CV6: EXPERIENCE_PRIMARY_MATCH — Culture is a defining region-specific experience. | CW6: 4 | CX6: EXPERIENCE_SECONDARY_MATCH — Food is credible supporting intelligence for this region. | CY6: 1 | CZ6: EXPERIENCE_WEAK_MATCH — Wellness is not a defining experience for this region. | DA6: 1 | DB6: EXPERIENCE_WEAK_MATCH — Luxury is not a defining experience for this region. | DC6: 0 | DD6: CONTRADICTION_EXPERIENCE_MISMATCH — Do not select this record for a shopping-first journey. | DE6: 1 | DF6: EXPERIENCE_WEAK_MATCH — Spiritual is not a defining experience for this region. | DG6: 1 | DH6: EXPERIENCE_WEAK_MATCH — Adventure is not a defining experience for this region. | DI6: 1 | DJ6: EXPERIENCE_WEAK_MATCH — Photography is not a defining experience for this region. | DK6: 0 | DL6: CONTRADICTION_EXPERIENCE_MISMATCH — Do not select this record for a island hopping-first journey. | DM6: 5 | DN6: EXPERIENCE_PRIMARY_MATCH — Heritage is a defining region-specific experience. | DO6: 5 | DP6: EXPERIENCE_PRIMARY_MATCH — Nature is a defining region-specific experience. | DQ6: 1 | DR6: EXPERIENCE_WEAK_MATCH — Celebrations is not a defining experience for this region.
A7: 7 | B7: india-andaman | C7: india-andaman-havelock | D7: Andaman | E7: Havelock | F7: Domestic | G7: Island | H7: Yes | I7: Andaman | J7: An island journey combining beaches, marine nature, history and inter-island discovery. Havelock is differentiated by beach, nature, adventure. | K7: Beach, Nature, Adventure | L7: Photography, Island Hopping | M7: Havelock: Beach, Nature, Adventure with Photography and Island Hopping | N7: Solo, Couple, Family, Friends | O7: Escape, Relax, Freedom, Healing, Reconnection, Adventure, Explore, Discovery | P7: Beach, Nature, Adventure; balanced / explorer rhythm; island context. | Q7: Avoid when the traveller requires Mountains, Wildlife, Shopping as the journey's defining purpose. | R7: Balanced / Premium | S7: Balanced / Explorer | T7: 2 nights | U7: 3–4 nights | V7: Sea and weather conditions determine practical suitability. | W7: Shoulder periods require ferry and marine-condition checks. | X7: Ferries, weather and water activities require live operational confirmation. | Y7: Medium | Z7: Medium — suitable for business review; live service, access and season checks remain mandatory. | AA7: Port Blair | AB7: High / Variable | AC7: Moderate — match activity level and age needs | AD7: Limited / REVIEW_REQUIRED | AE7: REVIEW_REQUIRED — confirm terrain, step-free access and supplier-specific support. | AF7: Weak | AG7: Variable; live check required | AH7: Moderate / REVIEW_REQUIRED | AI7: Generally available; supplier confirmation required | AJ7: Limited | AK7: Limited | AL7: Limited / Supporting | AM7: High | AN7: Moderate / High | AO7: Arrival through Port Blair; protect time for transfer and orientation before Havelock exploration. | AP7: Havelock first impression centred on beach, not broad Andaman branding. | AQ7: Shared nature moment in Havelock, paced for the selected traveller type. | AR7: Havelock: Beach, Nature, Adventure with Photography and Island Hopping | AS7: Unscheduled pause connected to Havelock's beach setting. | AT7: Region-specific discovery in Havelock through photography; verify local operator context. | AU7: REVIEW_REQUIRED — identify a verified local food or cultural moment for Havelock. | AV7: Journey high point built around havelock: beach, nature, adventure with photography and island hopping. | AW7: Unhurried departure from Havelock with transfer conditions reconfirmed. | AX7: Havelock is preferred when beach, nature, adventure are stronger than the destination's other regional personalities. | AY7: Beach, Nature, Adventure; balanced / explorer rhythm; island context. Suitable only after operational and seasonal checks. | AZ7: Ferries, weather and water activities require live operational confirmation. | BA7: 3–4 nights | BB7: Balanced / Explorer | BC7: Arrival, transfer and orientation | BD7: Context-led photography discovery | BE7: Havelock: Beach, Nature, Adventure with Photography and Island Hopping | BF7: Recovery window after the highest-intensity experience | BG7: REVIEW_REQUIRED — approve a compatible extension outside Havelock. | BH7: Flexible departure with transfer buffer | BI7: 4 | BJ7: TRAVELLER_STRONG_MATCH — Beach and Nature align with the solo characteristics in the workbook. | BK7: 4 | BL7: TRAVELLER_STRONG_MATCH — Beach and Nature align with the couple characteristics in the workbook. | BM7: 4 | BN7: TRAVELLER_STRONG_MATCH — Beach and Nature align with the family characteristics in the workbook. | BO7: 4 | BP7: TRAVELLER_STRONG_MATCH — Beach and Nature align with the friends characteristics in the workbook. | BQ7: 1 | BR7: TRAVELLER_LIMITED — This record is not a natural standalone business base; use only with a clear purpose. | BS7: 3 | BT7: EMOTION_SUPPORTING_MATCH — Healing can be supported as a secondary outcome with appropriate pacing. | BU7: 1 | BV7: EMOTION_WEAK_MATCH — Celebration is not a defining outcome for this region record. | BW7: 4 | BX7: EMOTION_DIRECT_MATCH — Region-specific experiences directly support freedom. | BY7: 5 | BZ7: EMOTION_DIRECT_MATCH — Region-specific experiences directly support escape. | CA7: 3 | CB7: EMOTION_SUPPORTING_MATCH — Adventure can be supported as a secondary outcome with appropriate pacing. | CC7: 3 | CD7: EMOTION_SUPPORTING_MATCH — Discovery can be supported as a secondary outcome with appropriate pacing. | CE7: 3 | CF7: EMOTION_SUPPORTING_MATCH — Reconnection can be supported as a secondary outcome with appropriate pacing. | CG7: 1 | CH7: EMOTION_WEAK_MATCH — Slow Living is not a defining outcome for this region record. | CI7: 4 | CJ7: EMOTION_DIRECT_MATCH — Region-specific experiences directly support relax. | CK7: 3 | CL7: EMOTION_SUPPORTING_MATCH — Explore can be supported as a secondary outcome with appropriate pacing. | CM7: 1 | CN7: EMOTION_WEAK_MATCH — Romance is not a defining outcome for this region record. | CO7: 5 | CP7: EXPERIENCE_PRIMARY_MATCH — Beach is a defining region-specific experience. | CQ7: 0 | CR7: CONTRADICTION_EXPERIENCE_MISMATCH — Do not select this record for a mountains-first journey. | CS7: 0 | CT7: CONTRADICTION_EXPERIENCE_MISMATCH — Do not select this record for a wildlife-first journey. | CU7: 1 | CV7: EXPERIENCE_WEAK_MATCH — Culture is not a defining experience for this region. | CW7: 1 | CX7: EXPERIENCE_WEAK_MATCH — Food is not a defining experience for this region. | CY7: 1 | CZ7: EXPERIENCE_WEAK_MATCH — Wellness is not a defining experience for this region. | DA7: 1 | DB7: EXPERIENCE_WEAK_MATCH — Luxury is not a defining experience for this region. | DC7: 0 | DD7: CONTRADICTION_EXPERIENCE_MISMATCH — Do not select this record for a shopping-first journey. | DE7: 1 | DF7: EXPERIENCE_WEAK_MATCH — Spiritual is not a defining experience for this region. | DG7: 5 | DH7: EXPERIENCE_PRIMARY_MATCH — Adventure is a defining region-specific experience. | DI7: 4 | DJ7: EXPERIENCE_SECONDARY_MATCH — Photography is credible supporting intelligence for this region. | DK7: 4 | DL7: EXPERIENCE_SECONDARY_MATCH — Island Hopping is credible supporting intelligence for this region. | DM7: 1 | DN7: EXPERIENCE_WEAK_MATCH — Heritage is not a defining experience for this region. | DO7: 5 | DP7: EXPERIENCE_PRIMARY_MATCH — Nature is a defining region-specific experience. | DQ7: 1 | DR7: EXPERIENCE_WEAK_MATCH — Celebrations is not a defining experience for this region.
A8: 8 | B8: india-andaman | C8: india-andaman-neil-island | D8: Andaman | E8: Neil Island | F8: Domestic | G8: Island | H8: Yes | I8: Andaman | J8: An island journey combining beaches, marine nature, history and inter-island discovery. Neil Island is differentiated by beach, nature, photography. | K8: Beach, Nature, Photography | L8: Island Hopping | M8: Neil Island: Beach, Nature, Photography with Island Hopping | N8: Solo, Couple, Family | O8: Escape, Relax, Freedom, Healing, Reconnection, Discovery, Explore, Adventure | P8: Beach, Nature, Photography; relaxed / balanced rhythm; island context. | Q8: Avoid when the traveller requires Mountains, Wildlife, Shopping as the journey's defining purpose. | R8: Balanced / Premium | S8: Relaxed / Balanced | T8: 2 nights | U8: 3–4 nights | V8: Sea and weather conditions determine practical suitability. | W8: Shoulder periods require ferry and marine-condition checks. | X8: Ferries, weather and water activities require live operational confirmation. | Y8: Medium | Z8: Medium — suitable for business review; live service, access and season checks remain mandatory. | AA8: Port Blair | AB8: High / Variable | AC8: High / Moderate | AD8: Limited / REVIEW_REQUIRED | AE8: REVIEW_REQUIRED — confirm terrain, step-free access and supplier-specific support. | AF8: Weak | AG8: Variable; live check required | AH8: Moderate / REVIEW_REQUIRED | AI8: Generally available; supplier confirmation required | AJ8: Limited | AK8: Limited | AL8: Limited / Supporting | AM8: Low / Moderate | AN8: Low / Moderate | AO8: Arrival through Port Blair; protect time for transfer and orientation before Neil Island exploration. | AP8: Neil Island first impression centred on beach, not broad Andaman branding. | AQ8: Shared nature moment in Neil Island, paced for the selected traveller type. | AR8: Neil Island: Beach, Nature, Photography with Island Hopping | AS8: Unscheduled pause connected to Neil Island's beach setting. | AT8: Region-specific discovery in Neil Island through island hopping; verify local operator context. | AU8: REVIEW_REQUIRED — identify a verified local food or cultural moment for Neil Island. | AV8: Journey high point built around neil island: beach, nature, photography with island hopping. | AW8: Unhurried departure from Neil Island with transfer conditions reconfirmed. | AX8: Neil Island is preferred when beach, nature, photography are stronger than the destination's other regional personalities. | AY8: Beach, Nature, Photography; relaxed / balanced rhythm; island context. Suitable only after operational and seasonal checks. | AZ8: Ferries, weather and water activities require live operational confirmation. | BA8: 3–4 nights | BB8: Relaxed / Balanced | BC8: Arrival, transfer and orientation | BD8: Context-led island hopping discovery | BE8: Neil Island: Beach, Nature, Photography with Island Hopping | BF8: Protected slow time | BG8: REVIEW_REQUIRED — approve a compatible extension outside Neil Island. | BH8: Flexible departure with transfer buffer | BI8: 4 | BJ8: TRAVELLER_STRONG_MATCH — Beach and Nature align with the solo characteristics in the workbook. | BK8: 4 | BL8: TRAVELLER_STRONG_MATCH — Beach and Nature align with the couple characteristics in the workbook. | BM8: 4 | BN8: TRAVELLER_STRONG_MATCH — Beach and Nature align with the family characteristics in the workbook. | BO8: 3 | BP8: TRAVELLER_SUITABLE — Suitable with itinerary design tailored to friends priorities. | BQ8: 1 | BR8: TRAVELLER_LIMITED — This record is not a natural standalone business base; use only with a clear purpose. | BS8: 3 | BT8: EMOTION_SUPPORTING_MATCH — Healing can be supported as a secondary outcome with appropriate pacing. | BU8: 1 | BV8: EMOTION_WEAK_MATCH — Celebration is not a defining outcome for this region record. | BW8: 4 | BX8: EMOTION_DIRECT_MATCH — Region-specific experiences directly support freedom. | BY8: 5 | BZ8: EMOTION_DIRECT_MATCH — Region-specific experiences directly support escape. | CA8: 3 | CB8: EMOTION_SUPPORTING_MATCH — Adventure can be supported as a secondary outcome with appropriate pacing. | CC8: 3 | CD8: EMOTION_SUPPORTING_MATCH — Discovery can be supported as a secondary outcome with appropriate pacing. | CE8: 3 | CF8: EMOTION_SUPPORTING_MATCH — Reconnection can be supported as a secondary outcome with appropriate pacing. | CG8: 1 | CH8: EMOTION_WEAK_MATCH — Slow Living is not a defining outcome for this region record. | CI8: 4 | CJ8: EMOTION_DIRECT_MATCH — Region-specific experiences directly support relax. | CK8: 3 | CL8: EMOTION_SUPPORTING_MATCH — Explore can be supported as a secondary outcome with appropriate pacing. | CM8: 1 | CN8: EMOTION_WEAK_MATCH — Romance is not a defining outcome for this region record. | CO8: 5 | CP8: EXPERIENCE_PRIMARY_MATCH — Beach is a defining region-specific experience. | CQ8: 0 | CR8: CONTRADICTION_EXPERIENCE_MISMATCH — Do not select this record for a mountains-first journey. | CS8: 0 | CT8: CONTRADICTION_EXPERIENCE_MISMATCH — Do not select this record for a wildlife-first journey. | CU8: 1 | CV8: EXPERIENCE_WEAK_MATCH — Culture is not a defining experience for this region. | CW8: 1 | CX8: EXPERIENCE_WEAK_MATCH — Food is not a defining experience for this region. | CY8: 1 | CZ8: EXPERIENCE_WEAK_MATCH — Wellness is not a defining experience for this region. | DA8: 1 | DB8: EXPERIENCE_WEAK_MATCH — Luxury is not a defining experience for this region. | DC8: 0 | DD8: CONTRADICTION_EXPERIENCE_MISMATCH — Do not select this record for a shopping-first journey. | DE8: 1 | DF8: EXPERIENCE_WEAK_MATCH — Spiritual is not a defining experience for this region. | DG8: 1 | DH8: EXPERIENCE_WEAK_MATCH — Adventure is not a defining experience for this region. | DI8: 5 | DJ8: EXPERIENCE_PRIMARY_MATCH — Photography is a defining region-specific experience. | DK8: 4 | DL8: EXPERIENCE_SECONDARY_MATCH — Island Hopping is credible supporting intelligence for this region. | DM8: 1 | DN8: EXPERIENCE_WEAK_MATCH — Heritage is not a defining experience for this region. | DO8: 5 | DP8: EXPERIENCE_PRIMARY_MATCH — Nature is a defining region-specific experience. | DQ8: 1 | DR8: EXPERIENCE_WEAK_MATCH — Celebrations is not a defining experience for this region.
A9: 9 | B9: india-andaman | C9: india-andaman-baratang-island | D9: Andaman | E9: Baratang Island | F9: Domestic | G9: Island | H9: Yes | I9: Andaman | J9: An island journey combining beaches, marine nature, history and inter-island discovery. Baratang Island is differentiated by nature, adventure, photography. | K9: Nature, Adventure, Photography | L9: Island Hopping | M9: Baratang Island: Nature, Adventure, Photography with Island Hopping | N9: Solo, Family, Friends | O9: Healing, Relax, Reconnection, Adventure, Freedom, Explore, Discovery, Escape | P9: Nature, Adventure, Photography; balanced / explorer rhythm; island context. | Q9: Avoid when the traveller requires Shopping, Wellness as the journey's defining purpose. | R9: Balanced / Premium | S9: Balanced / Explorer | T9: 2 nights | U9: 3–4 nights | V9: Sea and weather conditions determine practical suitability. | W9: Shoulder periods require ferry and marine-condition checks. | X9: Ferries, weather and water activities require live operational confirmation. | Y9: Medium | Z9: Medium — suitable for business review; live service, access and season checks remain mandatory. | AA9: Port Blair | AB9: High / Variable | AC9: Moderate — match activity level and age needs | AD9: Limited / REVIEW_REQUIRED | AE9: REVIEW_REQUIRED — confirm terrain, step-free access and supplier-specific support. | AF9: Weak | AG9: Variable; live check required | AH9: Moderate / REVIEW_REQUIRED | AI9: Generally available; supplier confirmation required | AJ9: Limited | AK9: Limited | AL9: Limited / Supporting | AM9: High | AN9: Moderate / High | AO9: Arrival through Port Blair; protect time for transfer and orientation before Baratang Island exploration. | AP9: Baratang Island first impression centred on nature, not broad Andaman branding. | AQ9: Shared adventure moment in Baratang Island, paced for the selected traveller type. | AR9: Baratang Island: Nature, Adventure, Photography with Island Hopping | AS9: Unscheduled pause connected to Baratang Island's nature setting. | AT9: Region-specific discovery in Baratang Island through island hopping; verify local operator context. | AU9: REVIEW_REQUIRED — identify a verified local food or cultural moment for Baratang Island. | AV9: Journey high point built around baratang island: nature, adventure, photography with island hopping. | AW9: Unhurried departure from Baratang Island with transfer conditions reconfirmed. | AX9: Baratang Island is preferred when nature, adventure, photography are stronger than the destination's other regional personalities. | AY9: Nature, Adventure, Photography; balanced / explorer rhythm; island context. Suitable only after operational and seasonal checks. | AZ9: Ferries, weather and water activities require live operational confirmation. | BA9: 3–4 nights | BB9: Balanced / Explorer | BC9: Arrival, transfer and orientation | BD9: Context-led island hopping discovery | BE9: Baratang Island: Nature, Adventure, Photography with Island Hopping | BF9: Recovery window after the highest-intensity experience | BG9: REVIEW_REQUIRED — approve a compatible extension outside Baratang Island. | BH9: Flexible departure with transfer buffer | BI9: 4 | BJ9: TRAVELLER_STRONG_MATCH — Nature and Adventure align with the solo characteristics in the workbook. | BK9: 3 | BL9: TRAVELLER_SUITABLE — Suitable with itinerary design tailored to couple priorities. | BM9: 4 | BN9: TRAVELLER_STRONG_MATCH — Nature and Adventure align with the family characteristics in the workbook. | BO9: 4 | BP9: TRAVELLER_STRONG_MATCH — Nature and Adventure align with the friends characteristics in the workbook. | BQ9: 1 | BR9: TRAVELLER_LIMITED — This record is not a natural standalone business base; use only with a clear purpose. | BS9: 5 | BT9: EMOTION_DIRECT_MATCH — Region-specific experiences directly support healing. | BU9: 1 | BV9: EMOTION_WEAK_MATCH — Celebration is not a defining outcome for this region record. | BW9: 3 | BX9: EMOTION_SUPPORTING_MATCH — Freedom can be supported as a secondary outcome with appropriate pacing. | BY9: 3 | BZ9: EMOTION_SUPPORTING_MATCH — Escape can be supported as a secondary outcome with appropriate pacing. | CA9: 3 | CB9: EMOTION_SUPPORTING_MATCH — Adventure can be supported as a secondary outcome with appropriate pacing. | CC9: 3 | CD9: EMOTION_SUPPORTING_MATCH — Discovery can be supported as a secondary outcome with appropriate pacing. | CE9: 4 | CF9: EMOTION_DIRECT_MATCH — Region-specific experiences directly support reconnection. | CG9: 1 | CH9: EMOTION_WEAK_MATCH — Slow Living is not a defining outcome for this region record. | CI9: 4 | CJ9: EMOTION_DIRECT_MATCH — Region-specific experiences directly support relax. | CK9: 3 | CL9: EMOTION_SUPPORTING_MATCH — Explore can be supported as a secondary outcome with appropriate pacing. | CM9: 1 | CN9: EMOTION_WEAK_MATCH — Romance is not a defining outcome for this region record. | CO9: 1 | CP9: EXPERIENCE_WEAK_MATCH — Beach is not a defining experience for this region. | CQ9: 1 | CR9: EXPERIENCE_WEAK_MATCH — Mountains is not a defining experience for this region. | CS9: 1 | CT9: EXPERIENCE_WEAK_MATCH — Wildlife is not a defining experience for this region. | CU9: 1 | CV9: EXPERIENCE_WEAK_MATCH — Culture is not a defining experience for this region. | CW9: 1 | CX9: EXPERIENCE_WEAK_MATCH — Food is not a defining experience for this region. | CY9: 0 | CZ9: CONTRADICTION_EXPERIENCE_MISMATCH — Do not select this record for a wellness-first journey. | DA9: 1 | DB9: EXPERIENCE_WEAK_MATCH — Luxury is not a defining experience for this region. | DC9: 0 | DD9: CONTRADICTION_EXPERIENCE_MISMATCH — Do not select this record for a shopping-first journey. | DE9: 1 | DF9: EXPERIENCE_WEAK_MATCH — Spiritual is not a defining experience for this region. | DG9: 5 | DH9: EXPERIENCE_PRIMARY_MATCH — Adventure is a defining region-specific experience. | DI9: 5 | DJ9: EXPERIENCE_PRIMARY_MATCH — Photography is a defining region-specific experience. | DK9: 4 | DL9: EXPERIENCE_SECONDARY_MATCH — Island Hopping is credible supporting intelligence for this region. | DM9: 1 | DN9: EXPERIENCE_WEAK_MATCH — Heritage is not a defining experience for this region. | DO9: 5 | DP9: EXPERIENCE_PRIMARY_MATCH — Nature is a defining region-specific experience. | DQ9: 1 | DR9: EXPERIENCE_WEAK_MATCH — Celebrations is not a defining experience for this region.
A10: 10 | B10: india-andaman | C10: india-andaman-ross-island | D10: Andaman | E10: Ross Island | F10: Domestic | G10: Island | H10: Yes | I10: Andaman | J10: An island journey combining beaches, marine nature, history and inter-island discovery. Ross Island is differentiated by heritage, nature, photography. | K10: Heritage, Nature, Photography | L10: Island Hopping | M10: Ross Island: Heritage, Nature, Photography with Island Hopping | N10: Solo, Family | O10: Discovery, Explore, Reconnection, Healing, Relax, Freedom, Escape, Adventure | P10: Heritage, Nature, Photography; relaxed / balanced rhythm; island context. | Q10: Avoid when the traveller requires Wildlife, Island Hopping, Shopping as the journey's defining purpose. | R10: Balanced / Premium | S10: Relaxed / Balanced | T10: 2 nights | U10: 3–4 nights | V10: Sea and weather conditions determine practical suitability. | W10: Shoulder periods require ferry and marine-condition checks. | X10: Ferries, weather and water activities require live operational confirmation. | Y10: Medium | Z10: Medium — suitable for business review; live service, access and season checks remain mandatory. | AA10: Port Blair | AB10: High / Variable | AC10: High / Moderate | AD10: Limited / REVIEW_REQUIRED | AE10: REVIEW_REQUIRED — confirm terrain, step-free access and supplier-specific support. | AF10: Weak | AG10: Variable; live check required | AH10: Moderate / REVIEW_REQUIRED | AI10: Generally available; supplier confirmation required | AJ10: Limited | AK10: Limited | AL10: Limited / Supporting | AM10: Low / Moderate | AN10: Low / Moderate | AO10: Arrival through Port Blair; protect time for transfer and orientation before Ross Island exploration. | AP10: Ross Island first impression centred on heritage, not broad Andaman branding. | AQ10: Shared nature moment in Ross Island, paced for the selected traveller type. | AR10: Ross Island: Heritage, Nature, Photography with Island Hopping | AS10: Unscheduled pause connected to Ross Island's heritage setting. | AT10: Region-specific discovery in Ross Island through island hopping; verify local operator context. | AU10: A verified cultural moment rooted in Ross Island; confirm operating context. | AV10: Journey high point built around ross island: heritage, nature, photography with island hopping. | AW10: Unhurried departure from Ross Island with transfer conditions reconfirmed. | AX10: Ross Island is preferred when heritage, nature, photography are stronger than the destination's other regional personalities. | AY10: Heritage, Nature, Photography; relaxed / balanced rhythm; island context. Suitable only after operational and seasonal checks. | AZ10: Ferries, weather and water activities require live operational confirmation. | BA10: 3–4 nights | BB10: Relaxed / Balanced | BC10: Arrival, transfer and orientation | BD10: Context-led island hopping discovery | BE10: Ross Island: Heritage, Nature, Photography with Island Hopping | BF10: Protected slow time | BG10: REVIEW_REQUIRED — approve a compatible extension outside Ross Island. | BH10: Flexible departure with transfer buffer | BI10: 4 | BJ10: TRAVELLER_STRONG_MATCH — Heritage and Nature align with the solo characteristics in the workbook. | BK10: 3 | BL10: TRAVELLER_SUITABLE — Suitable with itinerary design tailored to couple priorities. | BM10: 4 | BN10: TRAVELLER_STRONG_MATCH — Heritage and Nature align with the family characteristics in the workbook. | BO10: 3 | BP10: TRAVELLER_SUITABLE — Suitable with itinerary design tailored to friends priorities. | BQ10: 1 | BR10: TRAVELLER_LIMITED — This record is not a natural standalone business base; use only with a clear purpose. | BS10: 3 | BT10: EMOTION_SUPPORTING_MATCH — Healing can be supported as a secondary outcome with appropriate pacing. | BU10: 1 | BV10: EMOTION_WEAK_MATCH — Celebration is not a defining outcome for this region record. | BW10: 3 | BX10: EMOTION_SUPPORTING_MATCH — Freedom can be supported as a secondary outcome with appropriate pacing. | BY10: 3 | BZ10: EMOTION_SUPPORTING_MATCH — Escape can be supported as a secondary outcome with appropriate pacing. | CA10: 3 | CB10: EMOTION_SUPPORTING_MATCH — Adventure can be supported as a secondary outcome with appropriate pacing. | CC10: 5 | CD10: EMOTION_DIRECT_MATCH — Region-specific experiences directly support discovery. | CE10: 4 | CF10: EMOTION_DIRECT_MATCH — Region-specific experiences directly support reconnection. | CG10: 1 | CH10: EMOTION_WEAK_MATCH — Slow Living is not a defining outcome for this region record. | CI10: 3 | CJ10: EMOTION_SUPPORTING_MATCH — Relax can be supported as a secondary outcome with appropriate pacing. | CK10: 4 | CL10: EMOTION_DIRECT_MATCH — Region-specific experiences directly support explore. | CM10: 1 | CN10: EMOTION_WEAK_MATCH — Romance is not a defining outcome for this region record. | CO10: 1 | CP10: EXPERIENCE_WEAK_MATCH — Beach is not a defining experience for this region. | CQ10: 1 | CR10: EXPERIENCE_WEAK_MATCH — Mountains is not a defining experience for this region. | CS10: 0 | CT10: CONTRADICTION_EXPERIENCE_MISMATCH — Do not select this record for a wildlife-first journey. | CU10: 1 | CV10: EXPERIENCE_WEAK_MATCH — Culture is not a defining experience for this region. | CW10: 1 | CX10: EXPERIENCE_WEAK_MATCH — Food is not a defining experience for this region. | CY10: 1 | CZ10: EXPERIENCE_WEAK_MATCH — Wellness is not a defining experience for this region. | DA10: 1 | DB10: EXPERIENCE_WEAK_MATCH — Luxury is not a defining experience for this region. | DC10: 0 | DD10: CONTRADICTION_EXPERIENCE_MISMATCH — Do not select this record for a shopping-first journey. | DE10: 1 | DF10: EXPERIENCE_WEAK_MATCH — Spiritual is not a defining experience for this region. | DG10: 1 | DH10: EXPERIENCE_WEAK_MATCH — Adventure is not a defining experience for this region. | DI10: 5 | DJ10: EXPERIENCE_PRIMARY_MATCH — Photography is a defining region-specific experience. | DK10: 4 | DL10: EXPERIENCE_SECONDARY_MATCH — Island Hopping is credible supporting intelligence for this region. | DM10: 5 | DN10: EXPERIENCE_PRIMARY_MATCH — Heritage is a defining region-specific experience. | DO10: 5 | DP10: EXPERIENCE_PRIMARY_MATCH — Nature is a defining region-specific experience. | DQ10: 1 | DR10: EXPERIENCE_WEAK_MATCH — Celebrations is not a defining experience for this region.
A11: 11 | B11: india-andaman | C11: india-andaman-north-bay-island | D11: Andaman | E11: North Bay Island | F11: Domestic | G11: Island | H11: Yes | I11: Andaman | J11: An island journey combining beaches, marine nature, history and inter-island discovery. North Bay Island is differentiated by beach, adventure, photography. | K11: Beach, Adventure, Photography | L11: Island Hopping | M11: North Bay Island: Beach, Adventure, Photography with Island Hopping | N11: Couple, Family, Friends | O11: Escape, Relax, Freedom, Adventure, Explore, Discovery | P11: Beach, Adventure, Photography; balanced / explorer rhythm; island context. | Q11: Avoid when the traveller requires Mountains, Wildlife, Wellness as the journey's defining purpose. | R11: Balanced / Premium | S11: Balanced / Explorer | T11: 2 nights | U11: 3–4 nights | V11: Sea and weather conditions determine practical suitability. | W11: Shoulder periods require ferry and marine-condition checks. | X11: Ferries, weather and water activities require live operational confirmation. | Y11: Medium | Z11: Medium — suitable for business review; live service, access and season checks remain mandatory. | AA11: Port Blair | AB11: High / Variable | AC11: Moderate — match activity level and age needs | AD11: Limited / REVIEW_REQUIRED | AE11: REVIEW_REQUIRED — confirm terrain, step-free access and supplier-specific support. | AF11: Weak | AG11: Variable; live check required | AH11: Moderate / REVIEW_REQUIRED | AI11: Generally available; supplier confirmation required | AJ11: Limited | AK11: Limited | AL11: Limited / Supporting | AM11: High | AN11: Moderate / High | AO11: Arrival through Port Blair; protect time for transfer and orientation before North Bay Island exploration. | AP11: North Bay Island first impression centred on beach, not broad Andaman branding. | AQ11: Shared adventure moment in North Bay Island, paced for the selected traveller type. | AR11: North Bay Island: Beach, Adventure, Photography with Island Hopping | AS11: Unscheduled pause connected to North Bay Island's beach setting. | AT11: Region-specific discovery in North Bay Island through island hopping; verify local operator context. | AU11: REVIEW_REQUIRED — identify a verified local food or cultural moment for North Bay Island. | AV11: Journey high point built around north bay island: beach, adventure, photography with island hopping. | AW11: Unhurried departure from North Bay Island with transfer conditions reconfirmed. | AX11: North Bay Island is preferred when beach, adventure, photography are stronger than the destination's other regional personalities. | AY11: Beach, Adventure, Photography; balanced / explorer rhythm; island context. Suitable only after operational and seasonal checks. | AZ11: Ferries, weather and water activities require live operational confirmation. | BA11: 3–4 nights | BB11: Balanced / Explorer | BC11: Arrival, transfer and orientation | BD11: Context-led island hopping discovery | BE11: North Bay Island: Beach, Adventure, Photography with Island Hopping | BF11: Recovery window after the highest-intensity experience | BG11: REVIEW_REQUIRED — approve a compatible extension outside North Bay Island. | BH11: Flexible departure with transfer buffer | BI11: 3 | BJ11: TRAVELLER_SUITABLE — Suitable with itinerary design tailored to solo priorities. | BK11: 4 | BL11: TRAVELLER_STRONG_MATCH — Beach and Adventure align with the couple characteristics in the workbook. | BM11: 4 | BN11: TRAVELLER_STRONG_MATCH — Beach and Adventure align with the family characteristics in the workbook. | BO11: 4 | BP11: TRAVELLER_STRONG_MATCH — Beach and Adventure align with the friends characteristics in the workbook. | BQ11: 1 | BR11: TRAVELLER_LIMITED — This record is not a natural standalone business base; use only with a clear purpose. | BS11: 1 | BT11: EMOTION_WEAK_MATCH — Healing is not a defining outcome for this region record. | BU11: 1 | BV11: EMOTION_WEAK_MATCH — Celebration is not a defining outcome for this region record. | BW11: 4 | BX11: EMOTION_DIRECT_MATCH — Region-specific experiences directly support freedom. | BY11: 5 | BZ11: EMOTION_DIRECT_MATCH — Region-specific experiences directly support escape. | CA11: 3 | CB11: EMOTION_SUPPORTING_MATCH — Adventure can be supported as a secondary outcome with appropriate pacing. | CC11: 3 | CD11: EMOTION_SUPPORTING_MATCH — Discovery can be supported as a secondary outcome with appropriate pacing. | CE11: 1 | CF11: EMOTION_WEAK_MATCH — Reconnection is not a defining outcome for this region record. | CG11: 1 | CH11: EMOTION_WEAK_MATCH — Slow Living is not a defining outcome for this region record. | CI11: 4 | CJ11: EMOTION_DIRECT_MATCH — Region-specific experiences directly support relax. | CK11: 3 | CL11: EMOTION_SUPPORTING_MATCH — Explore can be supported as a secondary outcome with appropriate pacing. | CM11: 1 | CN11: EMOTION_WEAK_MATCH — Romance is not a defining outcome for this region record. | CO11: 5 | CP11: EXPERIENCE_PRIMARY_MATCH — Beach is a defining region-specific experience. | CQ11: 0 | CR11: CONTRADICTION_EXPERIENCE_MISMATCH — Do not select this record for a mountains-first journey. | CS11: 0 | CT11: CONTRADICTION_EXPERIENCE_MISMATCH — Do not select this record for a wildlife-first journey. | CU11: 1 | CV11: EXPERIENCE_WEAK_MATCH — Culture is not a defining experience for this region. | CW11: 1 | CX11: EXPERIENCE_WEAK_MATCH — Food is not a defining experience for this region. | CY11: 0 | CZ11: CONTRADICTION_EXPERIENCE_MISMATCH — Do not select this record for a wellness-first journey. | DA11: 1 | DB11: EXPERIENCE_WEAK_MATCH — Luxury is not a defining experience for this region. | DC11: 1 | DD11: EXPERIENCE_WEAK_MATCH — Shopping is not a defining experience for this region. | DE11: 1 | DF11: EXPERIENCE_WEAK_MATCH — Spiritual is not a defining experience for this region. | DG11: 5 | DH11: EXPERIENCE_PRIMARY_MATCH — Adventure is a defining region-specific experience. | DI11: 5 | DJ11: EXPERIENCE_PRIMARY_MATCH — Photography is a defining region-specific experience. | DK11: 4 | DL11: EXPERIENCE_SECONDARY_MATCH — Island Hopping is credible supporting intelligence for this region. | DM11: 1 | DN11: EXPERIENCE_WEAK_MATCH — Heritage is not a defining experience for this region. | DO11: 1 | DP11: EXPERIENCE_WEAK_MATCH — Nature is not a defining experience for this region. | DQ11: 1 | DR11: EXPERIENCE_WEAK_MATCH — Celebrations is not a defining experience for this region.
A12: 12 | B12: india-goa | C12: india-goa-north-goa | D12: Goa | E12: North Goa | F12: Domestic | G12: Journey Base | H12: Yes | I12: Goa | J12: A varied coastal journey spanning beach ease, food, heritage, wellness and celebration. North Goa is differentiated by beach, food, shopping. | K12: Beach, Food, Shopping | L12: Celebrations, Adventure | M12: North Goa: Beach, Food, Shopping with Celebrations and Adventure | N12: Couple, Family, Friends | O12: Escape, Relax, Freedom, Discovery, Celebration, Reconnection, Explore, Romance, Adventure | P12: Beach, Food, Shopping; balanced / explorer rhythm; journey base context. | Q12: Avoid when the traveller requires Mountains, Wildlife as the journey's defining purpose. | R12: Simple / Balanced / Premium | S12: Balanced / Explorer | T12: 2 nights | U12: 3 nights | V12: Dry-season conditions generally support the broadest coastal experience. | W12: Monsoon and event periods create a different journey character. | X12: Beach conditions, monsoon, events and crowd peaks require current review. | Y12: Medium | Z12: Medium — suitable for business review; live service, access and season checks remain mandatory. | AA12: Goa airports / rail gateways | AB12: Moderate | AC12: Moderate — match activity level and age needs | AD12: Limited / REVIEW_REQUIRED | AE12: REVIEW_REQUIRED — confirm terrain, step-free access and supplier-specific support. | AF12: Limited | AG12: Moderate; live check required | AH12: Strong | AI12: Generally available; supplier confirmation required | AJ12: Strong | AK12: Strong / Region-specific | AL12: Limited / Supporting | AM12: High | AN12: Moderate / High | AO12: Arrival through Goa airports / rail gateways; protect time for transfer and orientation before North Goa exploration. | AP12: North Goa first impression centred on beach, not broad Goa branding. | AQ12: Shared food moment in North Goa, paced for the selected traveller type. | AR12: North Goa: Beach, Food, Shopping with Celebrations and Adventure | AS12: Unscheduled pause connected to North Goa's beach setting. | AT12: Region-specific discovery in North Goa through celebrations; verify local operator context. | AU12: A verified food moment rooted in North Goa; confirm operating context. | AV12: Journey high point built around north goa: beach, food, shopping with celebrations and adventure. | AW12: Unhurried departure from North Goa with transfer conditions reconfirmed. | AX12: North Goa is preferred when beach, food, shopping are stronger than the destination's other regional personalities. | AY12: Beach, Food, Shopping; balanced / explorer rhythm; journey base context. Suitable only after operational and seasonal checks. | AZ12: Beach conditions, monsoon, events and crowd peaks require current review. | BA12: 3 nights | BB12: Balanced / Explorer | BC12: Arrival, transfer and orientation | BD12: Context-led celebrations discovery | BE12: North Goa: Beach, Food, Shopping with Celebrations and Adventure | BF12: Recovery window after the highest-intensity experience | BG12: REVIEW_REQUIRED — approve a compatible extension outside North Goa. | BH12: Flexible departure with transfer buffer | BI12: 3 | BJ12: TRAVELLER_SUITABLE — Suitable with itinerary design tailored to solo priorities. | BK12: 4 | BL12: TRAVELLER_STRONG_MATCH — Beach and Food align with the couple characteristics in the workbook. | BM12: 4 | BN12: TRAVELLER_STRONG_MATCH — Beach and Food align with the family characteristics in the workbook. | BO12: 4 | BP12: TRAVELLER_STRONG_MATCH — Beach and Food align with the friends characteristics in the workbook. | BQ12: 2 | BR12: TRAVELLER_LIMITED — This record is not a natural standalone business base; use only with a clear purpose. | BS12: 1 | BT12: EMOTION_WEAK_MATCH — Healing is not a defining outcome for this region record. | BU12: 3 | BV12: EMOTION_SUPPORTING_MATCH — Celebration can be supported as a secondary outcome with appropriate pacing. | BW12: 4 | BX12: EMOTION_DIRECT_MATCH — Region-specific experiences directly support freedom. | BY12: 5 | BZ12: EMOTION_DIRECT_MATCH — Region-specific experiences directly support escape. | CA12: 3 | CB12: EMOTION_SUPPORTING_MATCH — Adventure can be supported as a secondary outcome with appropriate pacing. | CC12: 3 | CD12: EMOTION_SUPPORTING_MATCH — Discovery can be supported as a secondary outcome with appropriate pacing. | CE12: 3 | CF12: EMOTION_SUPPORTING_MATCH — Reconnection can be supported as a secondary outcome with appropriate pacing. | CG12: 1 | CH12: EMOTION_WEAK_MATCH — Slow Living is not a defining outcome for this region record. | CI12: 4 | CJ12: EMOTION_DIRECT_MATCH — Region-specific experiences directly support relax. | CK12: 3 | CL12: EMOTION_SUPPORTING_MATCH — Explore can be supported as a secondary outcome with appropriate pacing. | CM12: 3 | CN12: EMOTION_SUPPORTING_MATCH — Romance can be supported as a secondary outcome with appropriate pacing. | CO12: 5 | CP12: EXPERIENCE_PRIMARY_MATCH — Beach is a defining region-specific experience. | CQ12: 0 | CR12: CONTRADICTION_EXPERIENCE_MISMATCH — Do not select this record for a mountains-first journey. | CS12: 0 | CT12: CONTRADICTION_EXPERIENCE_MISMATCH — Do not select this record for a wildlife-first journey. | CU12: 1 | CV12: EXPERIENCE_WEAK_MATCH — Culture is not a defining experience for this region. | CW12: 5 | CX12: EXPERIENCE_PRIMARY_MATCH — Food is a defining region-specific experience. | CY12: 1 | CZ12: EXPERIENCE_WEAK_MATCH — Wellness is not a defining experience for this region. | DA12: 1 | DB12: EXPERIENCE_WEAK_MATCH — Luxury is not a defining experience for this region. | DC12: 5 | DD12: EXPERIENCE_PRIMARY_MATCH — Shopping is a defining region-specific experience. | DE12: 1 | DF12: EXPERIENCE_WEAK_MATCH — Spiritual is not a defining experience for this region. | DG12: 4 | DH12: EXPERIENCE_SECONDARY_MATCH — Adventure is credible supporting intelligence for this region. | DI12: 1 | DJ12: EXPERIENCE_WEAK_MATCH — Photography is not a defining experience for this region. | DK12: 1 | DL12: EXPERIENCE_WEAK_MATCH — Island Hopping is not a defining experience for this region. | DM12: 1 | DN12: EXPERIENCE_WEAK_MATCH — Heritage is not a defining experience for this region. | DO12: 1 | DP12: EXPERIENCE_WEAK_MATCH — Nature is not a defining experience for this region. | DQ12: 4 | DR12: EXPERIENCE_SECONDARY_MATCH — Celebrations is credible supporting intelligence for this region.
A13: 13 | B13: india-goa | C13: india-goa-south-goa | D13: Goa | E13: South Goa | F13: Domestic | G13: Journey Base | H13: Yes | I13: Goa | J13: A varied coastal journey spanning beach ease, food, heritage, wellness and celebration. South Goa is differentiated by beach, wellness, nature. | K13: Beach, Wellness, Nature | L13: Food, Luxury | M13: South Goa: Beach, Wellness, Nature with Food and Luxury | N13: Solo, Couple, Family | O13: Escape, Relax, Freedom, Healing, Slow Living, Reconnection, Discovery, Celebration, Romance | P13: Beach, Wellness, Nature; relaxed / balanced rhythm; journey base context. | Q13: Avoid when the traveller requires Mountains, Wildlife, Celebrations as the journey's defining purpose. | R13: Simple / Balanced / Premium | S13: Relaxed / Balanced | T13: 2 nights | U13: 3 nights | V13: Dry-season conditions generally support the broadest coastal experience. | W13: Monsoon and event periods create a different journey character. | X13: Beach conditions, monsoon, events and crowd peaks require current review. | Y13: Medium | Z13: Medium — suitable for business review; live service, access and season checks remain mandatory. | AA13: Goa airports / rail gateways | AB13: Moderate | AC13: High / Moderate | AD13: Moderate — supplier-specific review required | AE13: REVIEW_REQUIRED — confirm terrain, step-free access and supplier-specific support. | AF13: Limited | AG13: Moderate; live check required | AH13: Strong | AI13: Generally available; supplier confirmation required | AJ13: Limited | AK13: Limited | AL13: Strong | AM13: Low / Moderate | AN13: Low / Moderate | AO13: Arrival through Goa airports / rail gateways; protect time for transfer and orientation before South Goa exploration. | AP13: South Goa first impression centred on beach, not broad Goa branding. | AQ13: Shared wellness moment in South Goa, paced for the selected traveller type. | AR13: South Goa: Beach, Wellness, Nature with Food and Luxury | AS13: Unscheduled pause connected to South Goa's beach setting. | AT13: Region-specific discovery in South Goa through food; verify local operator context. | AU13: A verified food moment rooted in South Goa; confirm operating context. | AV13: Journey high point built around south goa: beach, wellness, nature with food and luxury. | AW13: Unhurried departure from South Goa with transfer conditions reconfirmed. | AX13: South Goa is preferred when beach, wellness, nature are stronger than the destination's other regional personalities. | AY13: Beach, Wellness, Nature; relaxed / balanced rhythm; journey base context. Suitable only after operational and seasonal checks. | AZ13: Beach conditions, monsoon, events and crowd peaks require current review. | BA13: 3 nights | BB13: Relaxed / Balanced | BC13: Arrival, transfer and orientation | BD13: Context-led food discovery | BE13: South Goa: Beach, Wellness, Nature with Food and Luxury | BF13: Protected slow time | BG13: REVIEW_REQUIRED — approve a compatible extension outside South Goa. | BH13: Flexible departure with transfer buffer | BI13: 4 | BJ13: TRAVELLER_STRONG_MATCH — Beach and Wellness align with the solo characteristics in the workbook. | BK13: 4 | BL13: TRAVELLER_STRONG_MATCH — Beach and Wellness align with the couple characteristics in the workbook. | BM13: 4 | BN13: TRAVELLER_STRONG_MATCH — Beach and Wellness align with the family characteristics in the workbook. | BO13: 3 | BP13: TRAVELLER_SUITABLE — Suitable with itinerary design tailored to friends priorities. | BQ13: 2 | BR13: TRAVELLER_LIMITED — This record is not a natural standalone business base; use only with a clear purpose. | BS13: 3 | BT13: EMOTION_SUPPORTING_MATCH — Healing can be supported as a secondary outcome with appropriate pacing. | BU13: 3 | BV13: EMOTION_SUPPORTING_MATCH — Celebration can be supported as a secondary outcome with appropriate pacing. | BW13: 4 | BX13: EMOTION_DIRECT_MATCH — Region-specific experiences directly support freedom. | BY13: 5 | BZ13: EMOTION_DIRECT_MATCH — Region-specific experiences directly support escape. | CA13: 1 | CB13: EMOTION_WEAK_MATCH — Adventure is not a defining outcome for this region record. | CC13: 3 | CD13: EMOTION_SUPPORTING_MATCH — Discovery can be supported as a secondary outcome with appropriate pacing. | CE13: 3 | CF13: EMOTION_SUPPORTING_MATCH — Reconnection can be supported as a secondary outcome with appropriate pacing. | CG13: 3 | CH13: EMOTION_SUPPORTING_MATCH — Slow Living can be supported as a secondary outcome with appropriate pacing. | CI13: 4 | CJ13: EMOTION_DIRECT_MATCH — Region-specific experiences directly support relax. | CK13: 1 | CL13: EMOTION_WEAK_MATCH — Explore is not a defining outcome for this region record. | CM13: 3 | CN13: EMOTION_SUPPORTING_MATCH — Romance can be supported as a secondary outcome with appropriate pacing. | CO13: 5 | CP13: EXPERIENCE_PRIMARY_MATCH — Beach is a defining region-specific experience. | CQ13: 0 | CR13: CONTRADICTION_EXPERIENCE_MISMATCH — Do not select this record for a mountains-first journey. | CS13: 0 | CT13: CONTRADICTION_EXPERIENCE_MISMATCH — Do not select this record for a wildlife-first journey. | CU13: 1 | CV13: EXPERIENCE_WEAK_MATCH — Culture is not a defining experience for this region. | CW13: 4 | CX13: EXPERIENCE_SECONDARY_MATCH — Food is credible supporting intelligence for this region. | CY13: 5 | CZ13: EXPERIENCE_PRIMARY_MATCH — Wellness is a defining region-specific experience. | DA13: 4 | DB13: EXPERIENCE_SECONDARY_MATCH — Luxury is credible supporting intelligence for this region. | DC13: 1 | DD13: EXPERIENCE_WEAK_MATCH — Shopping is not a defining experience for this region. | DE13: 1 | DF13: EXPERIENCE_WEAK_MATCH — Spiritual is not a defining experience for this region. | DG13: 1 | DH13: EXPERIENCE_WEAK_MATCH — Adventure is not a defining experience for this region. | DI13: 1 | DJ13: EXPERIENCE_WEAK_MATCH — Photography is not a defining experience for this region. | DK13: 1 | DL13: EXPERIENCE_WEAK_MATCH — Island Hopping is not a defining experience for this region. | DM13: 1 | DN13: EXPERIENCE_WEAK_MATCH — Heritage is not a defining experience for this region. | DO13: 5 | DP13: EXPERIENCE_PRIMARY_MATCH — Nature is a defining region-specific experience. | DQ13: 0 | DR13: CONTRADICTION_EXPERIENCE_MISMATCH — Do not select this record for a celebrations-first journey.
A14: 14 | B14: india-goa | C14: india-goa-panjim | D14: Goa | E14: Panjim | F14: Domestic | G14: City | H14: Review Required | I14: Goa | J14: A varied coastal journey spanning beach ease, food, heritage, wellness and celebration. Panjim is differentiated by heritage, culture, food. | K14: Heritage, Culture, Food | L14: Shopping, Photography | M14: Panjim: Heritage, Culture, Food with Shopping and Photography | N14: Solo, Family, Friends, Business | O14: Discovery, Explore, Reconnection, Celebration, Freedom | P14: Heritage, Culture, Food; balanced / explorer rhythm; city context. | Q14: Avoid when the traveller requires Wildlife, Island Hopping as the journey's defining purpose. | R14: Simple / Balanced / Premium | S14: Balanced / Explorer | T14: 2 nights | U14: 2–3 nights | V14: Dry-season conditions generally support the broadest coastal experience. | W14: Monsoon and event periods create a different journey character. | X14: Beach conditions, monsoon, events and crowd peaks require current review. | Y14: REVIEW_REQUIRED | Z14: REVIEW_REQUIRED — Consider canonical spelling Panaji while retaining Panjim as an alias. | AA14: Goa airports / rail gateways | AB14: Low / Moderate | AC14: High / Moderate | AD14: Moderate — supplier-specific review required | AE14: REVIEW_REQUIRED — confirm terrain, step-free access and supplier-specific support. | AF14: Strong | AG14: Generally Strong; live check required | AH14: Strong | AI14: Generally available; supplier confirmation required | AJ14: Strong | AK14: Limited | AL14: Limited / Supporting | AM14: Low / Moderate | AN14: Low / Moderate | AO14: Arrival through Goa airports / rail gateways; protect time for transfer and orientation before Panjim exploration. | AP14: Panjim first impression centred on heritage, not broad Goa branding. | AQ14: Shared culture moment in Panjim, paced for the selected traveller type. | AR14: Panjim: Heritage, Culture, Food with Shopping and Photography | AS14: A protected low-intensity pause after the principal heritage experience. | AT14: Region-specific discovery in Panjim through shopping; verify local operator context. | AU14: A verified food moment rooted in Panjim; confirm operating context. | AV14: Journey high point built around panjim: heritage, culture, food with shopping and photography. | AW14: Unhurried departure from Panjim with transfer conditions reconfirmed. | AX14: Panjim is preferred when heritage, culture, food are stronger than the destination's other regional personalities. | AY14: Heritage, Culture, Food; balanced / explorer rhythm; city context. Suitable only after operational and seasonal checks. | AZ14: Beach conditions, monsoon, events and crowd peaks require current review. | BA14: 2–3 nights | BB14: Balanced / Explorer | BC14: Arrival, transfer and orientation | BD14: Context-led shopping discovery | BE14: Panjim: Heritage, Culture, Food with Shopping and Photography | BF14: Protected slow time | BG14: REVIEW_REQUIRED — approve a compatible extension outside Panjim. | BH14: Flexible departure with transfer buffer | BI14: 4 | BJ14: TRAVELLER_STRONG_MATCH — Heritage and Culture align with the solo characteristics in the workbook. | BK14: 3 | BL14: TRAVELLER_SUITABLE — Suitable with itinerary design tailored to couple priorities. | BM14: 4 | BN14: TRAVELLER_STRONG_MATCH — Heritage and Culture align with the family characteristics in the workbook. | BO14: 4 | BP14: TRAVELLER_STRONG_MATCH — Heritage and Culture align with the friends characteristics in the workbook. | BQ14: 4 | BR14: TRAVELLER_STRONG_MATCH — Heritage and Culture align with the business characteristics in the workbook. | BS14: 1 | BT14: EMOTION_WEAK_MATCH — Healing is not a defining outcome for this region record. | BU14: 3 | BV14: EMOTION_SUPPORTING_MATCH — Celebration can be supported as a secondary outcome with appropriate pacing. | BW14: 3 | BX14: EMOTION_SUPPORTING_MATCH — Freedom can be supported as a secondary outcome with appropriate pacing. | BY14: 1 | BZ14: EMOTION_WEAK_MATCH — Escape is not a defining outcome for this region record. | CA14: 1 | CB14: EMOTION_WEAK_MATCH — Adventure is not a defining outcome for this region record. | CC14: 5 | CD14: EMOTION_DIRECT_MATCH — Region-specific experiences directly support discovery. | CE14: 4 | CF14: EMOTION_DIRECT_MATCH — Region-specific experiences directly support reconnection. | CG14: 1 | CH14: EMOTION_WEAK_MATCH — Slow Living is not a defining outcome for this region record. | CI14: 1 | CJ14: EMOTION_WEAK_MATCH — Relax is not a defining outcome for this region record. | CK14: 4 | CL14: EMOTION_DIRECT_MATCH — Region-specific experiences directly support explore. | CM14: 1 | CN14: EMOTION_WEAK_MATCH — Romance is not a defining outcome for this region record. | CO14: 1 | CP14: EXPERIENCE_WEAK_MATCH — Beach is not a defining experience for this region. | CQ14: 1 | CR14: EXPERIENCE_WEAK_MATCH — Mountains is not a defining experience for this region. | CS14: 0 | CT14: CONTRADICTION_EXPERIENCE_MISMATCH — Do not select this record for a wildlife-first journey. | CU14: 5 | CV14: EXPERIENCE_PRIMARY_MATCH — Culture is a defining region-specific experience. | CW14: 5 | CX14: EXPERIENCE_PRIMARY_MATCH — Food is a defining region-specific experience. | CY14: 1 | CZ14: EXPERIENCE_WEAK_MATCH — Wellness is not a defining experience for this region. | DA14: 1 | DB14: EXPERIENCE_WEAK_MATCH — Luxury is not a defining experience for this region. | DC14: 4 | DD14: EXPERIENCE_SECONDARY_MATCH — Shopping is credible supporting intelligence for this region. | DE14: 1 | DF14: EXPERIENCE_WEAK_MATCH — Spiritual is not a defining experience for this region. | DG14: 1 | DH14: EXPERIENCE_WEAK_MATCH — Adventure is not a defining experience for this region. | DI14: 4 | DJ14: EXPERIENCE_SECONDARY_MATCH — Photography is credible supporting intelligence for this region. | DK14: 0 | DL14: CONTRADICTION_EXPERIENCE_MISMATCH — Do not select this record for a island hopping-first journey. | DM14: 5 | DN14: EXPERIENCE_PRIMARY_MATCH — Heritage is a defining region-specific experience. | DO14: 1 | DP14: EXPERIENCE_WEAK_MATCH — Nature is not a defining experience for this region. | DQ14: 1 | DR14: EXPERIENCE_WEAK_MATCH — Celebrations is not a defining experience for this region.
A15: 15 | B15: india-goa | C15: india-goa-baga | D15: Goa | E15: Baga | F15: Domestic | G15: Journey Base | H15: Yes | I15: Goa | J15: A varied coastal journey spanning beach ease, food, heritage, wellness and celebration. Baga is differentiated by beach, celebrations, adventure. | K15: Beach, Celebrations, Adventure | L15: Food | M15: Baga: Beach, Celebrations, Adventure with Food | N15: Couple, Family, Friends | O15: Escape, Relax, Freedom, Celebration, Reconnection, Romance, Adventure, Explore, Discovery | P15: Beach, Celebrations, Adventure; balanced / explorer rhythm; journey base context. | Q15: Avoid when the traveller requires Mountains, Wildlife, Spiritual as the journey's defining purpose. | R15: Simple / Balanced / Premium | S15: Balanced / Explorer | T15: 2 nights | U15: 3 nights | V15: Dry-season conditions generally support the broadest coastal experience. | W15: Monsoon and event periods create a different journey character. | X15: Beach conditions, monsoon, events and crowd peaks require current review. | Y15: Medium | Z15: Medium — suitable for business review; live service, access and season checks remain mandatory. | AA15: Goa airports / rail gateways | AB15: Moderate | AC15: Moderate — match activity level and age needs | AD15: Limited / REVIEW_REQUIRED | AE15: REVIEW_REQUIRED — confirm terrain, step-free access and supplier-specific support. | AF15: Limited | AG15: Moderate; live check required | AH15: Strong | AI15: Generally available; supplier confirmation required | AJ15: Limited | AK15: Strong / Region-specific | AL15: Limited / Supporting | AM15: High | AN15: Moderate / High | AO15: Arrival through Goa airports / rail gateways; protect time for transfer and orientation before Baga exploration. | AP15: Baga first impression centred on beach, not broad Goa branding. | AQ15: Shared celebrations moment in Baga, paced for the selected traveller type. | AR15: Baga: Beach, Celebrations, Adventure with Food | AS15: Unscheduled pause connected to Baga's beach setting. | AT15: Region-specific discovery in Baga through food; verify local operator context. | AU15: A verified food moment rooted in Baga; confirm operating context. | AV15: Journey high point built around baga: beach, celebrations, adventure with food. | AW15: Unhurried departure from Baga with transfer conditions reconfirmed. | AX15: Baga is preferred when beach, celebrations, adventure are stronger than the destination's other regional personalities. | AY15: Beach, Celebrations, Adventure; balanced / explorer rhythm; journey base context. Suitable only after operational and seasonal checks. | AZ15: Beach conditions, monsoon, events and crowd peaks require current review. | BA15: 3 nights | BB15: Balanced / Explorer | BC15: Arrival, transfer and orientation | BD15: Context-led food discovery | BE15: Baga: Beach, Celebrations, Adventure with Food | BF15: Recovery window after the highest-intensity experience | BG15: REVIEW_REQUIRED — approve a compatible extension outside Baga. | BH15: Flexible departure with transfer buffer | BI15: 3 | BJ15: TRAVELLER_SUITABLE — Suitable with itinerary design tailored to solo priorities. | BK15: 4 | BL15: TRAVELLER_STRONG_MATCH — Beach and Celebrations align with the couple characteristics in the workbook. | BM15: 4 | BN15: TRAVELLER_STRONG_MATCH — Beach and Celebrations align with the family characteristics in the workbook. | BO15: 4 | BP15: TRAVELLER_STRONG_MATCH — Beach and Celebrations align with the friends characteristics in the workbook. | BQ15: 2 | BR15: TRAVELLER_LIMITED — This record is not a natural standalone business base; use only with a clear purpose. | BS15: 1 | BT15: EMOTION_WEAK_MATCH — Healing is not a defining outcome for this region record. | BU15: 3 | BV15: EMOTION_SUPPORTING_MATCH — Celebration can be supported as a secondary outcome with appropriate pacing. | BW15: 4 | BX15: EMOTION_DIRECT_MATCH — Region-specific experiences directly support freedom. | BY15: 5 | BZ15: EMOTION_DIRECT_MATCH — Region-specific experiences directly support escape. | CA15: 3 | CB15: EMOTION_SUPPORTING_MATCH — Adventure can be supported as a secondary outcome with appropriate pacing. | CC15: 3 | CD15: EMOTION_SUPPORTING_MATCH — Discovery can be supported as a secondary outcome with appropriate pacing. | CE15: 3 | CF15: EMOTION_SUPPORTING_MATCH — Reconnection can be supported as a secondary outcome with appropriate pacing. | CG15: 1 | CH15: EMOTION_WEAK_MATCH — Slow Living is not a defining outcome for this region record. | CI15: 4 | CJ15: EMOTION_DIRECT_MATCH — Region-specific experiences directly support relax. | CK15: 3 | CL15: EMOTION_SUPPORTING_MATCH — Explore can be supported as a secondary outcome with appropriate pacing. | CM15: 3 | CN15: EMOTION_SUPPORTING_MATCH — Romance can be supported as a secondary outcome with appropriate pacing. | CO15: 5 | CP15: EXPERIENCE_PRIMARY_MATCH — Beach is a defining region-specific experience. | CQ15: 0 | CR15: CONTRADICTION_EXPERIENCE_MISMATCH — Do not select this record for a mountains-first journey. | CS15: 0 | CT15: CONTRADICTION_EXPERIENCE_MISMATCH — Do not select this record for a wildlife-first journey. | CU15: 1 | CV15: EXPERIENCE_WEAK_MATCH — Culture is not a defining experience for this region. | CW15: 4 | CX15: EXPERIENCE_SECONDARY_MATCH — Food is credible supporting intelligence for this region. | CY15: 1 | CZ15: EXPERIENCE_WEAK_MATCH — Wellness is not a defining experience for this region. | DA15: 1 | DB15: EXPERIENCE_WEAK_MATCH — Luxury is not a defining experience for this region. | DC15: 1 | DD15: EXPERIENCE_WEAK_MATCH — Shopping is not a defining experience for this region. | DE15: 0 | DF15: CONTRADICTION_EXPERIENCE_MISMATCH — Do not select this record for a spiritual-first journey. | DG15: 5 | DH15: EXPERIENCE_PRIMARY_MATCH — Adventure is a defining region-specific experience. | DI15: 1 | DJ15: EXPERIENCE_WEAK_MATCH — Photography is not a defining experience for this region. | DK15: 1 | DL15: EXPERIENCE_WEAK_MATCH — Island Hopping is not a defining experience for this region. | DM15: 1 | DN15: EXPERIENCE_WEAK_MATCH — Heritage is not a defining experience for this region. | DO15: 1 | DP15: EXPERIENCE_WEAK_MATCH — Nature is not a defining experience for this region. | DQ15: 5 | DR15: EXPERIENCE_PRIMARY_MATCH — Celebrations is a defining region-specific experience.
A16: 16 | B16: india-goa | C16: india-goa-calangute | D16: Goa | E16: Calangute | F16: Domestic | G16: Journey Base | H16: Yes | I16: Goa | J16: A varied coastal journey spanning beach ease, food, heritage, wellness and celebration. Calangute is differentiated by beach, celebrations, adventure. | K16: Beach, Celebrations, Adventure | L16: Shopping | M16: Calangute: Beach, Celebrations, Adventure with Shopping | N16: Couple, Family, Friends | O16: Escape, Relax, Freedom, Celebration, Reconnection, Romance, Adventure, Explore, Discovery | P16: Beach, Celebrations, Adventure; balanced / explorer rhythm; journey base context. | Q16: Avoid when the traveller requires Mountains, Wildlife, Spiritual as the journey's defining purpose. | R16: Simple / Balanced / Premium | S16: Balanced / Explorer | T16: 2 nights | U16: 3 nights | V16: Dry-season conditions generally support the broadest coastal experience. | W16: Monsoon and event periods create a different journey character. | X16: Beach conditions, monsoon, events and crowd peaks require current review. | Y16: Medium | Z16: Medium — suitable for business review; live service, access and season checks remain mandatory. | AA16: Goa airports / rail gateways | AB16: Moderate | AC16: Moderate — match activity level and age needs | AD16: Limited / REVIEW_REQUIRED | AE16: REVIEW_REQUIRED — confirm terrain, step-free access and supplier-specific support. | AF16: Limited | AG16: Moderate; live check required | AH16: Moderate / REVIEW_REQUIRED | AI16: Generally available; supplier confirmation required | AJ16: Strong | AK16: Strong / Region-specific | AL16: Limited / Supporting | AM16: High | AN16: Moderate / High | AO16: Arrival through Goa airports / rail gateways; protect time for transfer and orientation before Calangute exploration. | AP16: Calangute first impression centred on beach, not broad Goa branding. | AQ16: Shared celebrations moment in Calangute, paced for the selected traveller type. | AR16: Calangute: Beach, Celebrations, Adventure with Shopping | AS16: Unscheduled pause connected to Calangute's beach setting. | AT16: Region-specific discovery in Calangute through shopping; verify local operator context. | AU16: REVIEW_REQUIRED — identify a verified local food or cultural moment for Calangute. | AV16: Journey high point built around calangute: beach, celebrations, adventure with shopping. | AW16: Unhurried departure from Calangute with transfer conditions reconfirmed. | AX16: Calangute is preferred when beach, celebrations, adventure are stronger than the destination's other regional personalities. | AY16: Beach, Celebrations, Adventure; balanced / explorer rhythm; journey base context. Suitable only after operational and seasonal checks. | AZ16: Beach conditions, monsoon, events and crowd peaks require current review. | BA16: 3 nights | BB16: Balanced / Explorer | BC16: Arrival, transfer and orientation | BD16: Context-led shopping discovery | BE16: Calangute: Beach, Celebrations, Adventure with Shopping | BF16: Recovery window after the highest-intensity experience | BG16: REVIEW_REQUIRED — approve a compatible extension outside Calangute. | BH16: Flexible departure with transfer buffer | BI16: 3 | BJ16: TRAVELLER_SUITABLE — Suitable with itinerary design tailored to solo priorities. | BK16: 4 | BL16: TRAVELLER_STRONG_MATCH — Beach and Celebrations align with the couple characteristics in the workbook. | BM16: 4 | BN16: TRAVELLER_STRONG_MATCH — Beach and Celebrations align with the family characteristics in the workbook. | BO16: 4 | BP16: TRAVELLER_STRONG_MATCH — Beach and Celebrations align with the friends characteristics in the workbook. | BQ16: 2 | BR16: TRAVELLER_LIMITED — This record is not a natural standalone business base; use only with a clear purpose. | BS16: 1 | BT16: EMOTION_WEAK_MATCH — Healing is not a defining outcome for this region record. | BU16: 3 | BV16: EMOTION_SUPPORTING_MATCH — Celebration can be supported as a secondary outcome with appropriate pacing. | BW16: 4 | BX16: EMOTION_DIRECT_MATCH — Region-specific experiences directly support freedom. | BY16: 5 | BZ16: EMOTION_DIRECT_MATCH — Region-specific experiences directly support escape. | CA16: 3 | CB16: EMOTION_SUPPORTING_MATCH — Adventure can be supported as a secondary outcome with appropriate pacing. | CC16: 3 | CD16: EMOTION_SUPPORTING_MATCH — Discovery can be supported as a secondary outcome with appropriate pacing. | CE16: 3 | CF16: EMOTION_SUPPORTING_MATCH — Reconnection can be supported as a secondary outcome with appropriate pacing. | CG16: 1 | CH16: EMOTION_WEAK_MATCH — Slow Living is not a defining outcome for this region record. | CI16: 4 | CJ16: EMOTION_DIRECT_MATCH — Region-specific experiences directly support relax. | CK16: 3 | CL16: EMOTION_SUPPORTING_MATCH — Explore can be supported as a secondary outcome with appropriate pacing. | CM16: 3 | CN16: EMOTION_SUPPORTING_MATCH — Romance can be supported as a secondary outcome with appropriate pacing. | CO16: 5 | CP16: EXPERIENCE_PRIMARY_MATCH — Beach is a defining region-specific experience. | CQ16: 0 | CR16: CONTRADICTION_EXPERIENCE_MISMATCH — Do not select this record for a mountains-first journey. | CS16: 0 | CT16: CONTRADICTION_EXPERIENCE_MISMATCH — Do not select this record for a wildlife-first journey. | CU16: 1 | CV16: EXPERIENCE_WEAK_MATCH — Culture is not a defining experience for this region. | CW16: 1 | CX16: EXPERIENCE_WEAK_MATCH — Food is not a defining experience for this region. | CY16: 1 | CZ16: EXPERIENCE_WEAK_MATCH — Wellness is not a defining experience for this region. | DA16: 1 | DB16: EXPERIENCE_WEAK_MATCH — Luxury is not a defining experience for this region. | DC16: 4 | DD16: EXPERIENCE_SECONDARY_MATCH — Shopping is credible supporting intelligence for this region. | DE16: 0 | DF16: CONTRADICTION_EXPERIENCE_MISMATCH — Do not select this record for a spiritual-first journey. | DG16: 5 | DH16: EXPERIENCE_PRIMARY_MATCH — Adventure is a defining region-specific experience. | DI16: 1 | DJ16: EXPERIENCE_WEAK_MATCH — Photography is not a defining experience for this region. | DK16: 1 | DL16: EXPERIENCE_WEAK_MATCH — Island Hopping is not a defining experience for this region. | DM16: 1 | DN16: EXPERIENCE_WEAK_MATCH — Heritage is not a defining experience for this region. | DO16: 1 | DP16: EXPERIENCE_WEAK_MATCH — Nature is not a defining experience for this region. | DQ16: 5 | DR16: EXPERIENCE_PRIMARY_MATCH — Celebrations is a defining region-specific experience.
A17: 17 | B17: india-goa | C17: india-goa-anjuna | D17: Goa | E17: Anjuna | F17: Domestic | G17: Journey Base | H17: Yes | I17: Goa | J17: A varied coastal journey spanning beach ease, food, heritage, wellness and celebration. Anjuna is differentiated by beach, celebrations, shopping. | K17: Beach, Celebrations, Shopping | L17: Food, Photography | M17: Anjuna: Beach, Celebrations, Shopping with Food and Photography | N17: Couple, Family, Friends | O17: Escape, Relax, Freedom, Celebration, Reconnection, Romance, Discovery, Explore | P17: Beach, Celebrations, Shopping; relaxed / balanced rhythm; journey base context. | Q17: Avoid when the traveller requires Mountains, Wildlife, Spiritual as the journey's defining purpose. | R17: Simple / Balanced / Premium | S17: Relaxed / Balanced | T17: 2 nights | U17: 3 nights | V17: Dry-season conditions generally support the broadest coastal experience. | W17: Monsoon and event periods create a different journey character. | X17: Beach conditions, monsoon, events and crowd peaks require current review. | Y17: Medium | Z17: Medium — suitable for business review; live service, access and season checks remain mandatory. | AA17: Goa airports / rail gateways | AB17: Moderate | AC17: High / Moderate | AD17: Moderate — supplier-specific review required | AE17: REVIEW_REQUIRED — confirm terrain, step-free access and supplier-specific support. | AF17: Limited | AG17: Moderate; live check required | AH17: Strong | AI17: Generally available; supplier confirmation required | AJ17: Strong | AK17: Strong / Region-specific | AL17: Limited / Supporting | AM17: Low / Moderate | AN17: Low / Moderate | AO17: Arrival through Goa airports / rail gateways; protect time for transfer and orientation before Anjuna exploration. | AP17: Anjuna first impression centred on beach, not broad Goa branding. | AQ17: Shared celebrations moment in Anjuna, paced for the selected traveller type. | AR17: Anjuna: Beach, Celebrations, Shopping with Food and Photography | AS17: Unscheduled pause connected to Anjuna's beach setting. | AT17: Region-specific discovery in Anjuna through food; verify local operator context. | AU17: A verified food moment rooted in Anjuna; confirm operating context. | AV17: Journey high point built around anjuna: beach, celebrations, shopping with food and photography. | AW17: Unhurried departure from Anjuna with transfer conditions reconfirmed. | AX17: Anjuna is preferred when beach, celebrations, shopping are stronger than the destination's other regional personalities. | AY17: Beach, Celebrations, Shopping; relaxed / balanced rhythm; journey base context. Suitable only after operational and seasonal checks. | AZ17: Beach conditions, monsoon, events and crowd peaks require current review. | BA17: 3 nights | BB17: Relaxed / Balanced | BC17: Arrival, transfer and orientation | BD17: Context-led food discovery | BE17: Anjuna: Beach, Celebrations, Shopping with Food and Photography | BF17: Protected slow time | BG17: REVIEW_REQUIRED — approve a compatible extension outside Anjuna. | BH17: Flexible departure with transfer buffer | BI17: 3 | BJ17: TRAVELLER_SUITABLE — Suitable with itinerary design tailored to solo priorities. | BK17: 4 | BL17: TRAVELLER_STRONG_MATCH — Beach and Celebrations align with the couple characteristics in the workbook. | BM17: 4 | BN17: TRAVELLER_STRONG_MATCH — Beach and Celebrations align with the family characteristics in the workbook. | BO17: 4 | BP17: TRAVELLER_STRONG_MATCH — Beach and Celebrations align with the friends characteristics in the workbook. | BQ17: 2 | BR17: TRAVELLER_LIMITED — This record is not a natural standalone business base; use only with a clear purpose. | BS17: 1 | BT17: EMOTION_WEAK_MATCH — Healing is not a defining outcome for this region record. | BU17: 3 | BV17: EMOTION_SUPPORTING_MATCH — Celebration can be supported as a secondary outcome with appropriate pacing. | BW17: 4 | BX17: EMOTION_DIRECT_MATCH — Region-specific experiences directly support freedom. | BY17: 5 | BZ17: EMOTION_DIRECT_MATCH — Region-specific experiences directly support escape. | CA17: 1 | CB17: EMOTION_WEAK_MATCH — Adventure is not a defining outcome for this region record. | CC17: 3 | CD17: EMOTION_SUPPORTING_MATCH — Discovery can be supported as a secondary outcome with appropriate pacing. | CE17: 3 | CF17: EMOTION_SUPPORTING_MATCH — Reconnection can be supported as a secondary outcome with appropriate pacing. | CG17: 1 | CH17: EMOTION_WEAK_MATCH — Slow Living is not a defining outcome for this region record. | CI17: 4 | CJ17: EMOTION_DIRECT_MATCH — Region-specific experiences directly support relax. | CK17: 3 | CL17: EMOTION_SUPPORTING_MATCH — Explore can be supported as a secondary outcome with appropriate pacing. | CM17: 3 | CN17: EMOTION_SUPPORTING_MATCH — Romance can be supported as a secondary outcome with appropriate pacing. | CO17: 5 | CP17: EXPERIENCE_PRIMARY_MATCH — Beach is a defining region-specific experience. | CQ17: 0 | CR17: CONTRADICTION_EXPERIENCE_MISMATCH — Do not select this record for a mountains-first journey. | CS17: 0 | CT17: CONTRADICTION_EXPERIENCE_MISMATCH — Do not select this record for a wildlife-first journey. | CU17: 1 | CV17: EXPERIENCE_WEAK_MATCH — Culture is not a defining experience for this region. | CW17: 4 | CX17: EXPERIENCE_SECONDARY_MATCH — Food is credible supporting intelligence for this region. | CY17: 1 | CZ17: EXPERIENCE_WEAK_MATCH — Wellness is not a defining experience for this region. | DA17: 1 | DB17: EXPERIENCE_WEAK_MATCH — Luxury is not a defining experience for this region. | DC17: 5 | DD17: EXPERIENCE_PRIMARY_MATCH — Shopping is a defining region-specific experience. | DE17: 0 | DF17: CONTRADICTION_EXPERIENCE_MISMATCH — Do not select this record for a spiritual-first journey. | DG17: 1 | DH17: EXPERIENCE_WEAK_MATCH — Adventure is not a defining experience for this region. | DI17: 4 | DJ17: EXPERIENCE_SECONDARY_MATCH — Photography is credible supporting intelligence for this region. | DK17: 1 | DL17: EXPERIENCE_WEAK_MATCH — Island Hopping is not a defining experience for this region. | DM17: 1 | DN17: EXPERIENCE_WEAK_MATCH — Heritage is not a defining experience for this region. | DO17: 1 | DP17: EXPERIENCE_WEAK_MATCH — Nature is not a defining experience for this region. | DQ17: 5 | DR17: EXPERIENCE_PRIMARY_MATCH — Celebrations is a defining region-specific experience.
... A20: 20 | B20: india-gujarat | C20: india-gujarat-dwaraka | D20: Gujarat | E20: Dwaraka | F20: Domestic | G20: Journey Base | H20: Review Required | I20: Gujarat | J20: A route-led discovery across heritage cities, sacred places, desert landscapes and wildlife. Dwaraka is differentiated by spiritual, heritage, culture. | K20: Spiritual, Heritage, Culture | L20: Photography | M20: Dwaraka: Spiritual, Heritage, Culture with Photography | N20: Solo, Family | O20: Healing, Reconnection, Slow Living, Discovery, Explore, Freedom | P20: Spiritual, Heritage, Culture; balanced / explorer rhythm; journey base context. | Q20: Avoid when the traveller requires Celebrations, Wildlife, Island Hopping as the journey's defining purpose. | R20: Simple / Balanced / Premium | S20: Balanced / Explorer | T20: 2 nights | U20: 3 nights | V20: Cooler months generally support longer road-led routes. | W20: Festival and desert periods require route-specific planning. | X20: Heat, distances, festival demand and wildlife operations require live checks. | Y20: REVIEW_REQUIRED | Z20: REVIEW_REQUIRED — Consider canonical spelling Dwarka. | AA20: Ahmedabad or route-specific regional gateway | AB20: Moderate | AC20: High / Moderate | AD20: Moderate — supplier-specific review required | AE20: REVIEW_REQUIRED — confirm terrain, step-free access and supplier-specific support. | AF20: Limited | AG20: Moderate; live check required | AH20: Moderate / REVIEW_REQUIRED | AI20: Generally available; supplier confirmation required | AJ20: Limited | AK20: Limited | AL20: Limited / Supporting | AM20: Low / Moderate | AN20: Low / Moderate | AO20: Arrival through Ahmedabad or route-specific regional gateway; protect time for transfer and orientation before Dwaraka exploration. | AP20: Dwaraka first impression centred on spiritual, not broad Gujarat branding. | AQ20: Shared heritage moment in Dwaraka, paced for the selected traveller type. | AR20: Dwaraka: Spiritual, Heritage, Culture with Photography | AS20: A protected low-intensity pause after the principal spiritual experience. | AT20: Region-specific discovery in Dwaraka through photography; verify local operator context. | AU20: A verified cultural moment rooted in Dwaraka; confirm operating context. | AV20: Journey high point built around dwaraka: spiritual, heritage, culture with photography. | AW20: Unhurried departure from Dwaraka with transfer conditions reconfirmed. | AX20: Dwaraka is preferred when spiritual, heritage, culture are stronger than the destination's other regional personalities. | AY20: Spiritual, Heritage, Culture; balanced / explorer rhythm; journey base context. Suitable only after operational and seasonal checks. | AZ20: Heat, distances, festival demand and wildlife operations require live checks. | BA20: 3 nights | BB20: Balanced / Explorer | BC20: Arrival, transfer and orientation | BD20: Context-led photography discovery | BE20: Dwaraka: Spiritual, Heritage, Culture with Photography | BF20: Protected slow time | BG20: REVIEW_REQUIRED — approve a compatible extension outside Dwaraka. | BH20: Flexible departure with transfer buffer | BI20: 4 | BJ20: TRAVELLER_STRONG_MATCH — Spiritual and Heritage align with the solo characteristics in the workbook. | BK20: 3 | BL20: TRAVELLER_SUITABLE — Suitable with itinerary design tailored to couple priorities. | BM20: 4 | BN20: TRAVELLER_STRONG_MATCH — Spiritual and Heritage align with the family characteristics in the workbook. | BO20: 3 | BP20: TRAVELLER_SUITABLE — Suitable with itinerary design tailored to friends priorities. | BQ20: 2 | BR20: TRAVELLER_LIMITED — This record is not a natural standalone business base; use only with a clear purpose. | BS20: 5 | BT20: EMOTION_DIRECT_MATCH — Region-specific experiences directly support healing. | BU20: 1 | BV20: EMOTION_WEAK_MATCH — Celebration is not a defining outcome for this region record. | BW20: 3 | BX20: EMOTION_SUPPORTING_MATCH — Freedom can be supported as a secondary outcome with appropriate pacing. | BY20: 1 | BZ20: EMOTION_WEAK_MATCH — Escape is not a defining outcome for this region record. | CA20: 1 | CB20: EMOTION_WEAK_MATCH — Adventure is not a defining outcome for this region record. | CC20: 3 | CD20: EMOTION_SUPPORTING_MATCH — Discovery can be supported as a secondary outcome with appropriate pacing. | CE20: 4 | CF20: EMOTION_DIRECT_MATCH — Region-specific experiences directly support reconnection. | CG20: 4 | CH20: EMOTION_DIRECT_MATCH — Region-specific experiences directly support slow living. | CI20: 1 | CJ20: EMOTION_WEAK_MATCH — Relax is not a defining outcome for this region record. | CK20: 3 | CL20: EMOTION_SUPPORTING_MATCH — Explore can be supported as a secondary outcome with appropriate pacing. | CM20: 1 | CN20: EMOTION_WEAK_MATCH — Romance is not a defining outcome for this region record. | CO20: 1 | CP20: EXPERIENCE_WEAK_MATCH — Beach is not a defining experience for this region. | CQ20: 1 | CR20: EXPERIENCE_WEAK_MATCH — Mountains is not a defining experience for this region. | CS20: 0 | CT20: CONTRADICTION_EXPERIENCE_MISMATCH — Do not select this record for a wildlife-first journey. | CU20: 5 | CV20: EXPERIENCE_PRIMARY_MATCH — Culture is a defining region-specific experience. | CW20: 1 | CX20: EXPERIENCE_WEAK_MATCH — Food is not a defining experience for this region. | CY20: 1 | CZ20: EXPERIENCE_WEAK_MATCH — Wellness is not a defining experience for this region. | DA20: 1 | DB20: EXPERIENCE_WEAK_MATCH — Luxury is not a defining experience for this region. | DC20: 1 | DD20: EXPERIENCE_WEAK_MATCH — Shopping is not a defining experience for this region. | DE20: 5 | DF20: EXPERIENCE_PRIMARY_MATCH — Spiritual is a defining region-specific experience. | DG20: 1 | DH20: EXPERIENCE_WEAK_MATCH — Adventure is not a defining experience for this region. | DI20: 4 | DJ20: EXPERIENCE_SECONDARY_MATCH — Photography is credible supporting intelligence for this region. | DK20: 0 | DL20: CONTRADICTION_EXPERIENCE_MISMATCH — Do not select this record for a island hopping-first journey. | DM20: 5 | DN20: EXPERIENCE_PRIMARY_MATCH — Heritage is a defining region-specific experience. | DO20: 1 | DP20: EXPERIENCE_WEAK_MATCH — Nature is not a defining experience for this region. | DQ20: 0 | DR20: CONTRADICTION_EXPERIENCE_MISMATCH — Do not select this record for a celebrations-first journey.
A21: 21 | B21: india-gujarat | C21: india-gujarat-nishkal-mahadev | D21: Gujarat | E21: Nishkal Mahadev | F21: Domestic | G21: Attraction | H21: No | I21: Gujarat | J21: Nishkal Mahadev is an attraction within Gujarat, not an independent destination personality. | K21: Spiritual, Heritage, Nature | M21: Context-led visit to Nishkal Mahadev | N21: REVIEW_REQUIRED | O21: Healing, Reconnection, Slow Living, Discovery, Explore, Relax | P21: Spiritual, Heritage, Nature; relaxed / balanced rhythm; attraction context. | Q21: Avoid when the traveller requires Celebrations, Wildlife, Island Hopping as the journey's defining purpose. | R21: Simple / Balanced / Premium | S21: Relaxed / Balanced | T21: Half day | U21: Half to full day | V21: Cooler months generally support longer road-led routes. | W21: Festival and desert periods require route-specific planning. | X21: Heat, distances, festival demand and wildlife operations require live checks. | Y21: REVIEW_REQUIRED | Z21: REVIEW_REQUIRED — Confirm whether this intends Nishkalank Mahadev and classify as an attraction. | AA21: Ahmedabad or route-specific regional gateway | AB21: Moderate | AC21: High / Moderate | AD21: Moderate — supplier-specific review required | AE21: REVIEW_REQUIRED — confirm terrain, step-free access and supplier-specific support. | AF21: Limited | AG21: Moderate; live check required | AH21: Moderate / REVIEW_REQUIRED | AI21: Generally available; supplier confirmation required | AJ21: Limited | AK21: Limited | AL21: Limited / Supporting | AM21: Low / Moderate | AN21: Low / Moderate | AO21: Arrival through Ahmedabad or route-specific regional gateway; protect time for transfer and orientation before Nishkal Mahadev exploration. | AP21: Nishkal Mahadev first impression centred on spiritual, not broad Gujarat branding. | AQ21: Shared heritage moment in Nishkal Mahadev, paced for the selected traveller type. | AR21: Context-led visit to Nishkal Mahadev | AS21: Unscheduled pause connected to Nishkal Mahadev's spiritual setting. | AT21: Region-specific discovery in Nishkal Mahadev through spiritual; verify local operator context. | AU21: A verified cultural moment rooted in Nishkal Mahadev; confirm operating context. | AV21: Journey high point built around context-led visit to nishkal mahadev. | AW21: Unhurried departure from Nishkal Mahadev with transfer conditions reconfirmed. | AX21: Nishkal Mahadev is preferred when spiritual, heritage, nature are stronger than the destination's other regional personalities. | AY21: Spiritual, Heritage, Nature; relaxed / balanced rhythm; attraction context. Suitable only after operational and seasonal checks. | AZ21: Heat, distances, festival demand and wildlife operations require live checks. | BA21: Half to full day | BB21: Relaxed / Balanced | BC21: Arrival, transfer and orientation | BD21: Context-led spiritual discovery | BE21: Context-led visit to Nishkal Mahadev | BF21: Protected slow time | BG21: REVIEW_REQUIRED — approve a compatible extension outside Nishkal Mahadev. | BH21: Flexible departure with transfer buffer | BI21: 3 | BJ21: TRAVELLER_SUITABLE — Suitable with itinerary design tailored to solo priorities. | BK21: 3 | BL21: TRAVELLER_SUITABLE — Suitable with itinerary design tailored to couple priorities. | BM21: 3 | BN21: TRAVELLER_SUITABLE — Suitable with itinerary design tailored to family priorities. | BO21: 3 | BP21: TRAVELLER_SUITABLE — Suitable with itinerary design tailored to friends priorities. | BQ21: 2 | BR21: TRAVELLER_LIMITED — This record is not a natural standalone business base; use only with a clear purpose. | BS21: 5 | BT21: EMOTION_DIRECT_MATCH — Region-specific experiences directly support healing. | BU21: 1 | BV21: EMOTION_WEAK_MATCH — Celebration is not a defining outcome for this region record. | BW21: 1 | BX21: EMOTION_WEAK_MATCH — Freedom is not a defining outcome for this region record. | BY21: 1 | BZ21: EMOTION_WEAK_MATCH — Escape is not a defining outcome for this region record. | CA21: 1 | CB21: EMOTION_WEAK_MATCH — Adventure is not a defining outcome for this region record. | CC21: 3 | CD21: EMOTION_SUPPORTING_MATCH — Discovery can be supported as a secondary outcome with appropriate pacing. | CE21: 4 | CF21: EMOTION_DIRECT_MATCH — Region-specific experiences directly support reconnection. | CG21: 4 | CH21: EMOTION_DIRECT_MATCH — Region-specific experiences directly support slow living. | CI21: 3 | CJ21: EMOTION_SUPPORTING_MATCH — Relax can be supported as a secondary outcome with appropriate pacing. | CK21: 3 | CL21: EMOTION_SUPPORTING_MATCH — Explore can be supported as a secondary outcome with appropriate pacing. | CM21: 1 | CN21: EMOTION_WEAK_MATCH — Romance is not a defining outcome for this region record. | CO21: 1 | CP21: EXPERIENCE_WEAK_MATCH — Beach is not a defining experience for this region. | CQ21: 1 | CR21: EXPERIENCE_WEAK_MATCH — Mountains is not a defining experience for this region. | CS21: 0 | CT21: CONTRADICTION_EXPERIENCE_MISMATCH — Do not select this record for a wildlife-first journey. | CU21: 1 | CV21: EXPERIENCE_WEAK_MATCH — Culture is not a defining experience for this region. | CW21: 1 | CX21: EXPERIENCE_WEAK_MATCH — Food is not a defining experience for this region. | CY21: 1 | CZ21: EXPERIENCE_WEAK_MATCH — Wellness is not a defining experience for this region. | DA21: 1 | DB21: EXPERIENCE_WEAK_MATCH — Luxury is not a defining experience for this region. | DC21: 1 | DD21: EXPERIENCE_WEAK_MATCH — Shopping is not a defining experience for this region. | DE21: 5 | DF21: EXPERIENCE_PRIMARY_MATCH — Spiritual is a defining region-specific experience. | DG21: 1 | DH21: EXPERIENCE_WEAK_MATCH — Adventure is not a defining experience for this region. | DI21: 1 | DJ21: EXPERIENCE_WEAK_MATCH — Photography is not a defining experience for this region. | DK21: 0 | DL21: CONTRADICTION_EXPERIENCE_MISMATCH — Do not select this record for a island hopping-first journey. | DM21: 5 | DN21: EXPERIENCE_PRIMARY_MATCH — Heritage is a defining region-specific experience. | DO21: 5 | DP21: EXPERIENCE_PRIMARY_MATCH — Nature is a defining region-specific experience. | DQ21: 0 | DR21: CONTRADICTION_EXPERIENCE_MISMATCH — Do not select this record for a celebrations-first journey.
A22: 22 | B22: india-gujarat | C22: india-gujarat-porbandar | D22: Gujarat | E22: Porbandar | F22: Domestic | G22: City | H22: Yes | I22: Gujarat | J22: A route-led discovery across heritage cities, sacred places, desert landscapes and wildlife. Porbandar is differentiated by heritage, culture, beach. | K22: Heritage, Culture, Beach | L22: Photography | M22: Porbandar: Heritage, Culture, Beach with Photography | N22: Solo, Couple, Family, Business | O22: Discovery, Explore, Reconnection, Escape, Relax, Freedom | P22: Heritage, Culture, Beach; relaxed / balanced rhythm; city context. | Q22: Avoid when the traveller requires Wildlife, Island Hopping, Mountains as the journey's defining purpose. | R22: Simple / Balanced / Premium | S22: Relaxed / Balanced | T22: 2 nights | U22: 2–3 nights | V22: Cooler months generally support longer road-led routes. | W22: Festival and desert periods require route-specific planning. | X22: Heat, distances, festival demand and wildlife operations require live checks. | Y22: Medium | Z22: Medium — suitable for business review; live service, access and season checks remain mandatory. | AA22: Ahmedabad or route-specific regional gateway | AB22: Low / Moderate | AC22: High / Moderate | AD22: Moderate — supplier-specific review required | AE22: REVIEW_REQUIRED — confirm terrain, step-free access and supplier-specific support. | AF22: Strong | AG22: Generally Strong; live check required | AH22: Moderate / Strong | AI22: Generally available; supplier confirmation required | AJ22: Limited | AK22: Limited | AL22: Limited / Supporting | AM22: Low / Moderate | AN22: Low / Moderate | AO22: Arrival through Ahmedabad or route-specific regional gateway; protect time for transfer and orientation before Porbandar exploration. | AP22: Porbandar first impression centred on heritage, not broad Gujarat branding. | AQ22: Shared culture moment in Porbandar, paced for the selected traveller type. | AR22: Porbandar: Heritage, Culture, Beach with Photography | AS22: Unscheduled pause connected to Porbandar's heritage setting. | AT22: Region-specific discovery in Porbandar through photography; verify local operator context. | AU22: A verified cultural moment rooted in Porbandar; confirm operating context. | AV22: Journey high point built around porbandar: heritage, culture, beach with photography. | AW22: Unhurried departure from Porbandar with transfer conditions reconfirmed. | AX22: Porbandar is preferred when heritage, culture, beach are stronger than the destination's other regional personalities. | AY22: Heritage, Culture, Beach; relaxed / balanced rhythm; city context. Suitable only after operational and seasonal checks. | AZ22: Heat, distances, festival demand and wildlife operations require live checks. | BA22: 2–3 nights | BB22: Relaxed / Balanced | BC22: Arrival, transfer and orientation | BD22: Context-led photography discovery | BE22: Porbandar: Heritage, Culture, Beach with Photography | BF22: Protected slow time | BG22: REVIEW_REQUIRED — approve a compatible extension outside Porbandar. | BH22: Flexible departure with transfer buffer | BI22: 4 | BJ22: TRAVELLER_STRONG_MATCH — Heritage and Culture align with the solo characteristics in the workbook. | BK22: 4 | BL22: TRAVELLER_STRONG_MATCH — Heritage and Culture align with the couple characteristics in the workbook. | BM22: 4 | BN22: TRAVELLER_STRONG_MATCH — Heritage and Culture align with the family characteristics in the workbook. | BO22: 3 | BP22: TRAVELLER_SUITABLE — Suitable with itinerary design tailored to friends priorities. | BQ22: 4 | BR22: TRAVELLER_STRONG_MATCH — Heritage and Culture align with the business characteristics in the workbook. | BS22: 1 | BT22: EMOTION_WEAK_MATCH — Healing is not a defining outcome for this region record. | BU22: 1 | BV22: EMOTION_WEAK_MATCH — Celebration is not a defining outcome for this region record. | BW22: 3 | BX22: EMOTION_SUPPORTING_MATCH — Freedom can be supported as a secondary outcome with appropriate pacing. | BY22: 3 | BZ22: EMOTION_SUPPORTING_MATCH — Escape can be supported as a secondary outcome with appropriate pacing. | CA22: 1 | CB22: EMOTION_WEAK_MATCH — Adventure is not a defining outcome for this region record. | CC22: 5 | CD22: EMOTION_DIRECT_MATCH — Region-specific experiences directly support discovery. | CE22: 4 | CF22: EMOTION_DIRECT_MATCH — Region-specific experiences directly support reconnection. | CG22: 1 | CH22: EMOTION_WEAK_MATCH — Slow Living is not a defining outcome for this region record. | CI22: 3 | CJ22: EMOTION_SUPPORTING_MATCH — Relax can be supported as a secondary outcome with appropriate pacing. | CK22: 4 | CL22: EMOTION_DIRECT_MATCH — Region-specific experiences directly support explore. | CM22: 1 | CN22: EMOTION_WEAK_MATCH — Romance is not a defining outcome for this region record. | CO22: 5 | CP22: EXPERIENCE_PRIMARY_MATCH — Beach is a defining region-specific experience. | CQ22: 0 | CR22: CONTRADICTION_EXPERIENCE_MISMATCH — Do not select this record for a mountains-first journey. | CS22: 0 | CT22: CONTRADICTION_EXPERIENCE_MISMATCH — Do not select this record for a wildlife-first journey. | CU22: 5 | CV22: EXPERIENCE_PRIMARY_MATCH — Culture is a defining region-specific experience. | CW22: 1 | CX22: EXPERIENCE_WEAK_MATCH — Food is not a defining experience for this region. | CY22: 1 | CZ22: EXPERIENCE_WEAK_MATCH — Wellness is not a defining experience for this region. | DA22: 1 | DB22: EXPERIENCE_WEAK_MATCH — Luxury is not a defining experience for this region. | DC22: 1 | DD22: EXPERIENCE_WEAK_MATCH — Shopping is not a defining experience for this region. | DE22: 1 | DF22: EXPERIENCE_WEAK_MATCH — Spiritual is not a defining experience for this region. | DG22: 1 | DH22: EXPERIENCE_WEAK_MATCH — Adventure is not a defining experience for this region. | DI22: 4 | DJ22: EXPERIENCE_SECONDARY_MATCH — Photography is credible supporting intelligence for this region. | DK22: 0 | DL22: CONTRADICTION_EXPERIENCE_MISMATCH — Do not select this record for a island hopping-first journey. | DM22: 5 | DN22: EXPERIENCE_PRIMARY_MATCH — Heritage is a defining region-specific experience. | DO22: 1 | DP22: EXPERIENCE_WEAK_MATCH — Nature is not a defining experience for this region. | DQ22: 1 | DR22: EXPERIENCE_WEAK_MATCH — Celebrations is not a defining experience for this region.
A23: 23 | B23: india-gujarat | C23: india-gujarat-byet-dwaraka | D23: Gujarat | E23: Byet Dwaraka | F23: Domestic | G23: Journey Base | H23: Review Required | I23: Gujarat | J23: A route-led discovery across heritage cities, sacred places, desert landscapes and wildlife. Byet Dwaraka is differentiated by spiritual, heritage, nature. | K23: Spiritual, Heritage, Nature | L23: Island Hopping | M23: Byet Dwaraka: Spiritual, Heritage, Nature with Island Hopping | N23: Solo, Family | O23: Healing, Reconnection, Slow Living, Discovery, Explore, Relax, Escape, Freedom, Adventure | P23: Spiritual, Heritage, Nature; relaxed / balanced rhythm; journey base context. | Q23: Avoid when the traveller requires Celebrations, Wildlife, Island Hopping as the journey's defining purpose. | R23: Simple / Balanced / Premium | S23: Relaxed / Balanced | T23: 2 nights | U23: 3 nights | V23: Cooler months generally support longer road-led routes. | W23: Festival and desert periods require route-specific planning. | X23: Heat, distances, festival demand and wildlife operations require live checks. | Y23: REVIEW_REQUIRED | Z23: REVIEW_REQUIRED — Consider canonical spelling Bet Dwarka. | AA23: Ahmedabad or route-specific regional gateway | AB23: Moderate | AC23: High / Moderate | AD23: Moderate — supplier-specific review required | AE23: REVIEW_REQUIRED — confirm terrain, step-free access and supplier-specific support. | AF23: Limited | AG23: Moderate; live check required | AH23: Moderate / REVIEW_REQUIRED | AI23: Generally available; supplier confirmation required | AJ23: Limited | AK23: Limited | AL23: Limited / Supporting | AM23: Low / Moderate | AN23: Low / Moderate | AO23: Arrival through Ahmedabad or route-specific regional gateway; protect time for transfer and orientation before Byet Dwaraka exploration. | AP23: Byet Dwaraka first impression centred on spiritual, not broad Gujarat branding. | AQ23: Shared heritage moment in Byet Dwaraka, paced for the selected traveller type. | AR23: Byet Dwaraka: Spiritual, Heritage, Nature with Island Hopping | AS23: Unscheduled pause connected to Byet Dwaraka's spiritual setting. | AT23: Region-specific discovery in Byet Dwaraka through island hopping; verify local operator context. | AU23: A verified cultural moment rooted in Byet Dwaraka; confirm operating context. | AV23: Journey high point built around byet dwaraka: spiritual, heritage, nature with island hopping. | AW23: Unhurried departure from Byet Dwaraka with transfer conditions reconfirmed. | AX23: Byet Dwaraka is preferred when spiritual, heritage, nature are stronger than the destination's other regional personalities. | AY23: Spiritual, Heritage, Nature; relaxed / balanced rhythm; journey base context. Suitable only after operational and seasonal checks. | AZ23: Heat, distances, festival demand and wildlife operations require live checks. | BA23: 3 nights | BB23: Relaxed / Balanced | BC23: Arrival, transfer and orientation | BD23: Context-led island hopping discovery | BE23: Byet Dwaraka: Spiritual, Heritage, Nature with Island Hopping | BF23: Protected slow time | BG23: REVIEW_REQUIRED — approve a compatible extension outside Byet Dwaraka. | BH23: Flexible departure with transfer buffer | BI23: 4 | BJ23: TRAVELLER_STRONG_MATCH — Spiritual and Heritage align with the solo characteristics in the workbook. | BK23: 3 | BL23: TRAVELLER_SUITABLE — Suitable with itinerary design tailored to couple priorities. | BM23: 4 | BN23: TRAVELLER_STRONG_MATCH — Spiritual and Heritage align with the family characteristics in the workbook. | BO23: 3 | BP23: TRAVELLER_SUITABLE — Suitable with itinerary design tailored to friends priorities. | BQ23: 2 | BR23: TRAVELLER_LIMITED — This record is not a natural standalone business base; use only with a clear purpose. | BS23: 5 | BT23: EMOTION_DIRECT_MATCH — Region-specific experiences directly support healing. | BU23: 1 | BV23: EMOTION_WEAK_MATCH — Celebration is not a defining outcome for this region record. | BW23: 3 | BX23: EMOTION_SUPPORTING_MATCH — Freedom can be supported as a secondary outcome with appropriate pacing. | BY23: 3 | BZ23: EMOTION_SUPPORTING_MATCH — Escape can be supported as a secondary outcome with appropriate pacing. | CA23: 3 | CB23: EMOTION_SUPPORTING_MATCH — Adventure can be supported as a secondary outcome with appropriate pacing. | CC23: 3 | CD23: EMOTION_SUPPORTING_MATCH — Discovery can be supported as a secondary outcome with appropriate pacing. | CE23: 4 | CF23: EMOTION_DIRECT_MATCH — Region-specific experiences directly support reconnection. | CG23: 4 | CH23: EMOTION_DIRECT_MATCH — Region-specific experiences directly support slow living. | CI23: 3 | CJ23: EMOTION_SUPPORTING_MATCH — Relax can be supported as a secondary outcome with appropriate pacing. | CK23: 3 | CL23: EMOTION_SUPPORTING_MATCH — Explore can be supported as a secondary outcome with appropriate pacing. | CM23: 1 | CN23: EMOTION_WEAK_MATCH — Romance is not a defining outcome for this region record. | CO23: 1 | CP23: EXPERIENCE_WEAK_MATCH — Beach is not a defining experience for this region. | CQ23: 1 | CR23: EXPERIENCE_WEAK_MATCH — Mountains is not a defining experience for this region. | CS23: 0 | CT23: CONTRADICTION_EXPERIENCE_MISMATCH — Do not select this record for a wildlife-first journey. | CU23: 1 | CV23: EXPERIENCE_WEAK_MATCH — Culture is not a defining experience for this region. | CW23: 1 | CX23: EXPERIENCE_WEAK_MATCH — Food is not a defining experience for this region. | CY23: 1 | CZ23: EXPERIENCE_WEAK_MATCH — Wellness is not a defining experience for this region. | DA23: 1 | DB23: EXPERIENCE_WEAK_MATCH — Luxury is not a defining experience for this region. | DC23: 1 | DD23: EXPERIENCE_WEAK_MATCH — Shopping is not a defining experience for this region. | DE23: 5 | DF23: EXPERIENCE_PRIMARY_MATCH — Spiritual is a defining region-specific experience. | DG23: 1 | DH23: EXPERIENCE_WEAK_MATCH — Adventure is not a defining experience for this region. | DI23: 1 | DJ23: EXPERIENCE_WEAK_MATCH — Photography is not a defining experience for this region. | DK23: 4 | DL23: EXPERIENCE_SECONDARY_MATCH — Island Hopping is credible supporting intelligence for this region. | DM23: 5 | DN23: EXPERIENCE_PRIMARY_MATCH — Heritage is a defining region-specific experience. | DO23: 5 | DP23: EXPERIENCE_PRIMARY_MATCH — Nature is a defining region-specific experience. | DQ23: 0 | DR23: CONTRADICTION_EXPERIENCE_MISMATCH — Do not select this record for a celebrations-first journey.
A24: 24 | B24: india-gujarat | C24: india-gujarat-rann-of-kutch | D24: Gujarat | E24: Rann of Kutch | F24: Domestic | G24: Journey Base | H24: Yes | I24: Gujarat | J24: A route-led discovery across heritage cities, sacred places, desert landscapes and wildlife. Rann of Kutch is differentiated by nature, culture, photography. | K24: Nature, Culture, Photography | L24: Adventure, Celebrations | M24: Rann of Kutch: Nature, Culture, Photography with Adventure and Celebrations | N24: Solo, Family, Friends | O24: Healing, Relax, Reconnection, Discovery, Explore, Freedom, Adventure, Celebration, Romance | P24: Nature, Culture, Photography; balanced / explorer rhythm; journey base context. | Q24: Avoid when the traveller requires Shopping, Wildlife as the journey's defining purpose. | R24: Simple / Balanced / Premium | S24: Balanced / Explorer | T24: 2 nights | U24: 3 nights | V24: Cooler months generally support longer road-led routes. | W24: Festival and desert periods require route-specific planning. | X24: Heat, distances, festival demand and wildlife operations require live checks. | Y24: Medium | Z24: Medium — suitable for business review; live service, access and season checks remain mandatory. | AA24: Ahmedabad or route-specific regional gateway | AB24: Moderate | AC24: Moderate — match activity level and age needs | AD24: Limited / REVIEW_REQUIRED | AE24: REVIEW_REQUIRED — confirm terrain, step-free access and supplier-specific support. | AF24: Limited | AG24: Moderate; live check required | AH24: Moderate / REVIEW_REQUIRED | AI24: Generally available; supplier confirmation required | AJ24: Limited | AK24: Strong / Region-specific | AL24: Limited / Supporting | AM24: High | AN24: Moderate / High | AO24: Arrival through Ahmedabad or route-specific regional gateway; protect time for transfer and orientation before Rann of Kutch exploration. | AP24: Rann of Kutch first impression centred on nature, not broad Gujarat branding. | AQ24: Shared culture moment in Rann of Kutch, paced for the selected traveller type. | AR24: Rann of Kutch: Nature, Culture, Photography with Adventure and Celebrations | AS24: Unscheduled pause connected to Rann of Kutch's nature setting. | AT24: Region-specific discovery in Rann of Kutch through adventure; verify local operator context. | AU24: A verified cultural moment rooted in Rann of Kutch; confirm operating context. | AV24: Journey high point built around rann of kutch: nature, culture, photography with adventure and celebrations. | AW24: Unhurried departure from Rann of Kutch with transfer conditions reconfirmed. | AX24: Rann of Kutch is preferred when nature, culture, photography are stronger than the destination's other regional personalities. | AY24: Nature, Culture, Photography; balanced / explorer rhythm; journey base context. Suitable only after operational and seasonal checks. | AZ24: Heat, distances, festival demand and wildlife operations require live checks. | BA24: 3 nights | BB24: Balanced / Explorer | BC24: Arrival, transfer and orientation | BD24: Context-led adventure discovery | BE24: Rann of Kutch: Nature, Culture, Photography with Adventure and Celebrations | BF24: Recovery window after the highest-intensity experience | BG24: REVIEW_REQUIRED — approve a compatible extension outside Rann of Kutch. | BH24: Flexible departure with transfer buffer | BI24: 4 | BJ24: TRAVELLER_STRONG_MATCH — Nature and Culture align with the solo characteristics in the workbook. | BK24: 3 | BL24: TRAVELLER_SUITABLE — Suitable with itinerary design tailored to couple priorities. | BM24: 4 | BN24: TRAVELLER_STRONG_MATCH — Nature and Culture align with the family characteristics in the workbook. | BO24: 4 | BP24: TRAVELLER_STRONG_MATCH — Nature and Culture align with the friends characteristics in the workbook. | BQ24: 2 | BR24: TRAVELLER_LIMITED — This record is not a natural standalone business base; use only with a clear purpose. | BS24: 5 | BT24: EMOTION_DIRECT_MATCH — Region-specific experiences directly support healing. | BU24: 3 | BV24: EMOTION_SUPPORTING_MATCH — Celebration can be supported as a secondary outcome with appropriate pacing. | BW24: 3 | BX24: EMOTION_SUPPORTING_MATCH — Freedom can be supported as a secondary outcome with appropriate pacing. | BY24: 1 | BZ24: EMOTION_WEAK_MATCH — Escape is not a defining outcome for this region record. | CA24: 3 | CB24: EMOTION_SUPPORTING_MATCH — Adventure can be supported as a secondary outcome with appropriate pacing. | CC24: 3 | CD24: EMOTION_SUPPORTING_MATCH — Discovery can be supported as a secondary outcome with appropriate pacing. | CE24: 4 | CF24: EMOTION_DIRECT_MATCH — Region-specific experiences directly support reconnection. | CG24: 1 | CH24: EMOTION_WEAK_MATCH — Slow Living is not a defining outcome for this region record. | CI24: 4 | CJ24: EMOTION_DIRECT_MATCH — Region-specific experiences directly support relax. | CK24: 3 | CL24: EMOTION_SUPPORTING_MATCH — Explore can be supported as a secondary outcome with appropriate pacing. | CM24: 3 | CN24: EMOTION_SUPPORTING_MATCH — Romance can be supported as a secondary outcome with appropriate pacing. | CO24: 1 | CP24: EXPERIENCE_WEAK_MATCH — Beach is not a defining experience for this region. | CQ24: 1 | CR24: EXPERIENCE_WEAK_MATCH — Mountains is not a defining experience for this region. | CS24: 0 | CT24: CONTRADICTION_EXPERIENCE_MISMATCH — Do not select this record for a wildlife-first journey. | CU24: 5 | CV24: EXPERIENCE_PRIMARY_MATCH — Culture is a defining region-specific experience. | CW24: 1 | CX24: EXPERIENCE_WEAK_MATCH — Food is not a defining experience for this region. | CY24: 1 | CZ24: EXPERIENCE_WEAK_MATCH — Wellness is not a defining experience for this region. | DA24: 1 | DB24: EXPERIENCE_WEAK_MATCH — Luxury is not a defining experience for this region. | DC24: 0 | DD24: CONTRADICTION_EXPERIENCE_MISMATCH — Do not select this record for a shopping-first journey. | DE24: 1 | DF24: EXPERIENCE_WEAK_MATCH — Spiritual is not a defining experience for this region. | DG24: 4 | DH24: EXPERIENCE_SECONDARY_MATCH — Adventure is credible supporting intelligence for this region. | DI24: 5 | DJ24: EXPERIENCE_PRIMARY_MATCH — Photography is a defining region-specific experience. | DK24: 1 | DL24: EXPERIENCE_WEAK_MATCH — Island Hopping is not a defining experience for this region. | DM24: 1 | DN24: EXPERIENCE_WEAK_MATCH — Heritage is not a defining experience for this region. | DO24: 5 | DP24: EXPERIENCE_PRIMARY_MATCH — Nature is a defining region-specific experience. | DQ24: 4 | DR24: EXPERIENCE_SECONDARY_MATCH — Celebrations is credible supporting intelligence for this region.
A25: 25 | B25: india-gujarat | C25: india-gujarat-gir-national-park | D25: Gujarat | E25: Gir National Park | F25: Domestic | G25: Region | H25: Yes | I25: Gujarat | J25: A route-led discovery across heritage cities, sacred places, desert landscapes and wildlife. Gir National Park is differentiated by wildlife, nature, photography. | K25: Wildlife, Nature, Photography | L25: Adventure | M25: Gir National Park: Wildlife, Nature, Photography with Adventure | N25: Solo, Family, Friends | O25: Adventure, Discovery, Explore, Healing, Relax, Reconnection, Freedom | P25: Wildlife, Nature, Photography; balanced / explorer rhythm; region context. | Q25: Avoid when the traveller requires Shopping, Celebrations as the journey's defining purpose. | R25: Simple / Balanced / Premium | S25: Balanced / Explorer | T25: 2 nights | U25: 2–3 nights | V25: Cooler months generally support longer road-led routes. | W25: Festival and desert periods require route-specific planning. | X25: Heat, distances, festival demand and wildlife operations require live checks. | Y25: Medium | Z25: Medium — suitable for business review; live service, access and season checks remain mandatory. | AA25: Ahmedabad or route-specific regional gateway | AB25: High / Variable | AC25: Moderate — match activity level and age needs | AD25: Limited / REVIEW_REQUIRED | AE25: REVIEW_REQUIRED — confirm terrain, step-free access and supplier-specific support. | AF25: Weak | AG25: Variable; live check required | AH25: Moderate / REVIEW_REQUIRED | AI25: Generally available; supplier confirmation required | AJ25: Limited | AK25: Limited | AL25: Limited / Supporting | AM25: High | AN25: Moderate / High | AO25: Arrival through Ahmedabad or route-specific regional gateway; protect time for transfer and orientation before Gir National Park exploration. | AP25: Gir National Park first impression centred on wildlife, not broad Gujarat branding. | AQ25: Shared nature moment in Gir National Park, paced for the selected traveller type. | AR25: Gir National Park: Wildlife, Nature, Photography with Adventure | AS25: Unscheduled pause connected to Gir National Park's wildlife setting. | AT25: Region-specific discovery in Gir National Park through adventure; verify local operator context. | AU25: REVIEW_REQUIRED — identify a verified local food or cultural moment for Gir National Park. | AV25: Journey high point built around gir national park: wildlife, nature, photography with adventure. | AW25: Unhurried departure from Gir National Park with transfer conditions reconfirmed. | AX25: Gir National Park is preferred when wildlife, nature, photography are stronger than the destination's other regional personalities. | AY25: Wildlife, Nature, Photography; balanced / explorer rhythm; region context. Suitable only after operational and seasonal checks. | AZ25: Heat, distances, festival demand and wildlife operations require live checks. | BA25: 2–3 nights | BB25: Balanced / Explorer | BC25: Arrival, transfer and orientation | BD25: Context-led adventure discovery | BE25: Gir National Park: Wildlife, Nature, Photography with Adventure | BF25: Recovery window after the highest-intensity experience | BG25: REVIEW_REQUIRED — approve a compatible extension outside Gir National Park. | BH25: Flexible departure with transfer buffer | BI25: 4 | BJ25: TRAVELLER_STRONG_MATCH — Wildlife and Nature align with the solo characteristics in the workbook. | BK25: 3 | BL25: TRAVELLER_SUITABLE — Suitable with itinerary design tailored to couple priorities. | BM25: 4 | BN25: TRAVELLER_STRONG_MATCH — Wildlife and Nature align with the family characteristics in the workbook. | BO25: 4 | BP25: TRAVELLER_STRONG_MATCH — Wildlife and Nature align with the friends characteristics in the workbook. | BQ25: 1 | BR25: TRAVELLER_LIMITED — This record is not a natural standalone business base; use only with a clear purpose. | BS25: 3 | BT25: EMOTION_SUPPORTING_MATCH — Healing can be supported as a secondary outcome with appropriate pacing. | BU25: 1 | BV25: EMOTION_WEAK_MATCH — Celebration is not a defining outcome for this region record. | BW25: 3 | BX25: EMOTION_SUPPORTING_MATCH — Freedom can be supported as a secondary outcome with appropriate pacing. | BY25: 1 | BZ25: EMOTION_WEAK_MATCH — Escape is not a defining outcome for this region record. | CA25: 5 | CB25: EMOTION_DIRECT_MATCH — Region-specific experiences directly support adventure. | CC25: 4 | CD25: EMOTION_DIRECT_MATCH — Region-specific experiences directly support discovery. | CE25: 3 | CF25: EMOTION_SUPPORTING_MATCH — Reconnection can be supported as a secondary outcome with appropriate pacing. | CG25: 1 | CH25: EMOTION_WEAK_MATCH — Slow Living is not a defining outcome for this region record. | CI25: 3 | CJ25: EMOTION_SUPPORTING_MATCH — Relax can be supported as a secondary outcome with appropriate pacing. | CK25: 4 | CL25: EMOTION_DIRECT_MATCH — Region-specific experiences directly support explore. | CM25: 1 | CN25: EMOTION_WEAK_MATCH — Romance is not a defining outcome for this region record. | CO25: 1 | CP25: EXPERIENCE_WEAK_MATCH — Beach is not a defining experience for this region. | CQ25: 1 | CR25: EXPERIENCE_WEAK_MATCH — Mountains is not a defining experience for this region. | CS25: 5 | CT25: EXPERIENCE_PRIMARY_MATCH — Wildlife is a defining region-specific experience. | CU25: 1 | CV25: EXPERIENCE_WEAK_MATCH — Culture is not a defining experience for this region. | CW25: 1 | CX25: EXPERIENCE_WEAK_MATCH — Food is not a defining experience for this region. | CY25: 1 | CZ25: EXPERIENCE_WEAK_MATCH — Wellness is not a defining experience for this region. | DA25: 1 | DB25: EXPERIENCE_WEAK_MATCH — Luxury is not a defining experience for this region. | DC25: 0 | DD25: CONTRADICTION_EXPERIENCE_MISMATCH — Do not select this record for a shopping-first journey. | DE25: 1 | DF25: EXPERIENCE_WEAK_MATCH — Spiritual is not a defining experience for this region. | DG25: 4 | DH25: EXPERIENCE_SECONDARY_MATCH — Adventure is credible supporting intelligence for this region. | DI25: 5 | DJ25: EXPERIENCE_PRIMARY_MATCH — Photography is a defining region-specific experience. | DK25: 1 | DL25: EXPERIENCE_WEAK_MATCH — Island Hopping is not a defining experience for this region. | DM25: 1 | DN25: EXPERIENCE_WEAK_MATCH — Heritage is not a defining experience for this region. | DO25: 5 | DP25: EXPERIENCE_PRIMARY_MATCH — Nature is a defining region-specific experience. | DQ25: 0 | DR25: CONTRADICTION_EXPERIENCE_MISMATCH — Do not select this record for a celebrations-first journey.
A26: 26 | B26: india-himachal-pradesh | C26: india-himachal-pradesh-shimla | D26: Himachal Pradesh | E26: Shimla | F26: Domestic | G26: Region | H26: Yes | I26: Himachal Pradesh | J26: A mountain journey shaped by scenery, forests, road travel, reflection and soft adventure. Shimla is differentiated by mountains, nature, heritage. | K26: Mountains, Nature, Heritage | L26: Shopping, Photography | M26: Shimla: Mountains, Nature, Heritage with Shopping and Photography | N26: Solo, Couple, Family, Friends | O26: Freedom, Adventure, Healing, Relax, Reconnection, Discovery, Explore, Celebration | P26: Mountains, Nature, Heritage; relaxed / balanced rhythm; region context. | Q26: Avoid when the traveller requires Beach, Island Hopping, Shopping as the journey's defining purpose. | R26: Simple / Balanced / Premium | S26: Relaxed / Balanced | T26: 2 nights | U26: 3–4 nights | V26: Suitability varies materially by altitude, road access and intended activity. | W26: Rain and snow transition periods need current route review. | X26: Roads, altitude, snow and monsoon conditions require live validation. | Y26: Medium | Z26: Medium — suitable for business review; live service, access and season checks remain mandatory. | AA26: Chandigarh, Delhi or route-specific regional airport | AB26: High / Variable | AC26: Moderate — match activity level and age needs | AD26: Limited / REVIEW_REQUIRED | AE26: REVIEW_REQUIRED — confirm terrain, step-free access and supplier-specific support. | AF26: Weak | AG26: Variable; live check required | AH26: Moderate / REVIEW_REQUIRED | AI26: Generally available; supplier confirmation required | AJ26: Strong | AK26: Limited | AL26: Limited / Supporting | AM26: Moderate / High | AN26: Moderate / High | AO26: Arrival through Chandigarh, Delhi or route-specific regional airport; protect time for transfer and orientation before Shimla exploration. | AP26: Shimla first impression centred on mountains, not broad Himachal Pradesh branding. | AQ26: Shared nature moment in Shimla, paced for the selected traveller type. | AR26: Shimla: Mountains, Nature, Heritage with Shopping and Photography | AS26: Unscheduled pause connected to Shimla's mountains setting. | AT26: Region-specific discovery in Shimla through shopping; verify local operator context. | AU26: A verified cultural moment rooted in Shimla; confirm operating context. | AV26: Journey high point built around shimla: mountains, nature, heritage with shopping and photography. | AW26: Unhurried departure from Shimla with transfer conditions reconfirmed. | AX26: Shimla is preferred when mountains, nature, heritage are stronger than the destination's other regional personalities. | AY26: Mountains, Nature, Heritage; relaxed / balanced rhythm; region context. Suitable only after operational and seasonal checks. | AZ26: Roads, altitude, snow and monsoon conditions require live validation. | BA26: 3–4 nights | BB26: Relaxed / Balanced | BC26: Arrival, transfer and orientation | BD26: Context-led shopping discovery | BE26: Shimla: Mountains, Nature, Heritage with Shopping and Photography | BF26: Protected slow time | BG26: REVIEW_REQUIRED — approve a compatible extension outside Shimla. | BH26: Flexible departure with transfer buffer | BI26: 4 | BJ26: TRAVELLER_STRONG_MATCH — Mountains and Nature align with the solo characteristics in the workbook. | BK26: 4 | BL26: TRAVELLER_STRONG_MATCH — Mountains and Nature align with the couple characteristics in the workbook. | BM26: 4 | BN26: TRAVELLER_STRONG_MATCH — Mountains and Nature align with the family characteristics in the workbook. | BO26: 4 | BP26: TRAVELLER_STRONG_MATCH — Mountains and Nature align with the friends characteristics in the workbook. | BQ26: 1 | BR26: TRAVELLER_LIMITED — This record is not a natural standalone business base; use only with a clear purpose. | BS26: 4 | BT26: EMOTION_DIRECT_MATCH — Region-specific experiences directly support healing. | BU26: 3 | BV26: EMOTION_SUPPORTING_MATCH — Celebration can be supported as a secondary outcome with appropriate pacing. | BW26: 5 | BX26: EMOTION_DIRECT_MATCH — Region-specific experiences directly support freedom. | BY26: 1 | BZ26: EMOTION_WEAK_MATCH — Escape is not a defining outcome for this region record. | CA26: 4 | CB26: EMOTION_DIRECT_MATCH — Region-specific experiences directly support adventure. | CC26: 3 | CD26: EMOTION_SUPPORTING_MATCH — Discovery can be supported as a secondary outcome with appropriate pacing. | CE26: 3 | CF26: EMOTION_SUPPORTING_MATCH — Reconnection can be supported as a secondary outcome with appropriate pacing. | CG26: 1 | CH26: EMOTION_WEAK_MATCH — Slow Living is not a defining outcome for this region record. | CI26: 3 | CJ26: EMOTION_SUPPORTING_MATCH — Relax can be supported as a secondary outcome with appropriate pacing. | CK26: 3 | CL26: EMOTION_SUPPORTING_MATCH — Explore can be supported as a secondary outcome with appropriate pacing. | CM26: 1 | CN26: EMOTION_WEAK_MATCH — Romance is not a defining outcome for this region record. | CO26: 0 | CP26: CONTRADICTION_EXPERIENCE_MISMATCH — Do not select this record for a beach-first journey. | CQ26: 5 | CR26: EXPERIENCE_PRIMARY_MATCH — Mountains is a defining region-specific experience. | CS26: 1 | CT26: EXPERIENCE_WEAK_MATCH — Wildlife is not a defining experience for this region. | CU26: 1 | CV26: EXPERIENCE_WEAK_MATCH — Culture is not a defining experience for this region. | CW26: 1 | CX26: EXPERIENCE_WEAK_MATCH — Food is not a defining experience for this region. | CY26: 1 | CZ26: EXPERIENCE_WEAK_MATCH — Wellness is not a defining experience for this region. | DA26: 1 | DB26: EXPERIENCE_WEAK_MATCH — Luxury is not a defining experience for this region. | DC26: 4 | DD26: EXPERIENCE_SECONDARY_MATCH — Shopping is credible supporting intelligence for this region. | DE26: 1 | DF26: EXPERIENCE_WEAK_MATCH — Spiritual is not a defining experience for this region. | DG26: 1 | DH26: EXPERIENCE_WEAK_MATCH — Adventure is not a defining experience for this region. | DI26: 4 | DJ26: EXPERIENCE_SECONDARY_MATCH — Photography is credible supporting intelligence for this region. | DK26: 0 | DL26: CONTRADICTION_EXPERIENCE_MISMATCH — Do not select this record for a island hopping-first journey. | DM26: 5 | DN26: EXPERIENCE_PRIMARY_MATCH — Heritage is a defining region-specific experience. | DO26: 5 | DP26: EXPERIENCE_PRIMARY_MATCH — Nature is a defining region-specific experience. | DQ26: 1 | DR26: EXPERIENCE_WEAK_MATCH — Celebrations is not a defining experience for this region.
A27: 27 | B27: india-himachal-pradesh | C27: india-himachal-pradesh-manali | D27: Himachal Pradesh | E27: Manali | F27: Domestic | G27: Region | H27: Yes | I27: Himachal Pradesh | J27: A mountain journey shaped by scenery, forests, road travel, reflection and soft adventure. Manali is differentiated by mountains, nature, adventure. | K27: Mountains, Nature, Adventure | L27: Photography | M27: Manali: Mountains, Nature, Adventure with Photography | N27: Solo, Couple, Family, Friends | O27: Freedom, Adventure, Healing, Relax, Reconnection, Explore, Discovery | P27: Mountains, Nature, Adventure; balanced / explorer rhythm; region context. | Q27: Avoid when the traveller requires Beach, Island Hopping, Shopping as the journey's defining purpose. | R27: Simple / Balanced / Premium | S27: Balanced / Explorer | T27: 2 nights | U27: 3–4 nights | V27: Suitability varies materially by altitude, road access and intended activity. | W27: Rain and snow transition periods need current route review. | X27: Roads, altitude, snow and monsoon conditions require live validation. | Y27: Medium | Z27: Medium — suitable for business review; live service, access and season checks remain mandatory. | AA27: Chandigarh, Delhi or route-specific regional airport | AB27: High / Variable | AC27: Moderate — match activity level and age needs | AD27: Limited / REVIEW_REQUIRED | AE27: REVIEW_REQUIRED — confirm terrain, step-free access and supplier-specific support. | AF27: Weak | AG27: Variable; live check required | AH27: Moderate / REVIEW_REQUIRED | AI27: Generally available; supplier confirmation required | AJ27: Limited | AK27: Limited | AL27: Limited / Supporting | AM27: High | AN27: Moderate / High | AO27: Arrival through Chandigarh, Delhi or route-specific regional airport; protect time for transfer and orientation before Manali exploration. | AP27: Manali first impression centred on mountains, not broad Himachal Pradesh branding. | AQ27: Shared nature moment in Manali, paced for the selected traveller type. | AR27: Manali: Mountains, Nature, Adventure with Photography | AS27: Unscheduled pause connected to Manali's mountains setting. | AT27: Region-specific discovery in Manali through photography; verify local operator context. | AU27: REVIEW_REQUIRED — identify a verified local food or cultural moment for Manali. | AV27: Journey high point built around manali: mountains, nature, adventure with photography. | AW27: Unhurried departure from Manali with transfer conditions reconfirmed. | AX27: Manali is preferred when mountains, nature, adventure are stronger than the destination's other regional personalities. | AY27: Mountains, Nature, Adventure; balanced / explorer rhythm; region context. Suitable only after operational and seasonal checks. | AZ27: Roads, altitude, snow and monsoon conditions require live validation. | BA27: 3–4 nights | BB27: Balanced / Explorer | BC27: Arrival, transfer and orientation | BD27: Context-led photography discovery | BE27: Manali: Mountains, Nature, Adventure with Photography | BF27: Recovery window after the highest-intensity experience | BG27: REVIEW_REQUIRED — approve a compatible extension outside Manali. | BH27: Flexible departure with transfer buffer | BI27: 4 | BJ27: TRAVELLER_STRONG_MATCH — Mountains and Nature align with the solo characteristics in the workbook. | BK27: 4 | BL27: TRAVELLER_STRONG_MATCH — Mountains and Nature align with the couple characteristics in the workbook. | BM27: 4 | BN27: TRAVELLER_STRONG_MATCH — Mountains and Nature align with the family characteristics in the workbook. | BO27: 4 | BP27: TRAVELLER_STRONG_MATCH — Mountains and Nature align with the friends characteristics in the workbook. | BQ27: 1 | BR27: TRAVELLER_LIMITED — This record is not a natural standalone business base; use only with a clear purpose. | BS27: 4 | BT27: EMOTION_DIRECT_MATCH — Region-specific experiences directly support healing. | BU27: 1 | BV27: EMOTION_WEAK_MATCH — Celebration is not a defining outcome for this region record. | BW27: 5 | BX27: EMOTION_DIRECT_MATCH — Region-specific experiences directly support freedom. | BY27: 1 | BZ27: EMOTION_WEAK_MATCH — Escape is not a defining outcome for this region record. | CA27: 4 | CB27: EMOTION_DIRECT_MATCH — Region-specific experiences directly support adventure. | CC27: 3 | CD27: EMOTION_SUPPORTING_MATCH — Discovery can be supported as a secondary outcome with appropriate pacing. | CE27: 3 | CF27: EMOTION_SUPPORTING_MATCH — Reconnection can be supported as a secondary outcome with appropriate pacing. | CG27: 1 | CH27: EMOTION_WEAK_MATCH — Slow Living is not a defining outcome for this region record. | CI27: 3 | CJ27: EMOTION_SUPPORTING_MATCH — Relax can be supported as a secondary outcome with appropriate pacing. | CK27: 3 | CL27: EMOTION_SUPPORTING_MATCH — Explore can be supported as a secondary outcome with appropriate pacing. | CM27: 1 | CN27: EMOTION_WEAK_MATCH — Romance is not a defining outcome for this region record. | CO27: 0 | CP27: CONTRADICTION_EXPERIENCE_MISMATCH — Do not select this record for a beach-first journey. | CQ27: 5 | CR27: EXPERIENCE_PRIMARY_MATCH — Mountains is a defining region-specific experience. | CS27: 1 | CT27: EXPERIENCE_WEAK_MATCH — Wildlife is not a defining experience for this region. | CU27: 1 | CV27: EXPERIENCE_WEAK_MATCH — Culture is not a defining experience for this region. | CW27: 1 | CX27: EXPERIENCE_WEAK_MATCH — Food is not a defining experience for this region. | CY27: 1 | CZ27: EXPERIENCE_WEAK_MATCH — Wellness is not a defining experience for this region. | DA27: 1 | DB27: EXPERIENCE_WEAK_MATCH — Luxury is not a defining experience for this region. | DC27: 0 | DD27: CONTRADICTION_EXPERIENCE_MISMATCH — Do not select this record for a shopping-first journey. | DE27: 1 | DF27: EXPERIENCE_WEAK_MATCH — Spiritual is not a defining experience for this region. | DG27: 5 | DH27: EXPERIENCE_PRIMARY_MATCH — Adventure is a defining region-specific experience. | DI27: 4 | DJ27: EXPERIENCE_SECONDARY_MATCH — Photography is credible supporting intelligence for this region. | DK27: 0 | DL27: CONTRADICTION_EXPERIENCE_MISMATCH — Do not select this record for a island hopping-first journey. | DM27: 1 | DN27: EXPERIENCE_WEAK_MATCH — Heritage is not a defining experience for this region. | DO27: 5 | DP27: EXPERIENCE_PRIMARY_MATCH — Nature is a defining region-specific experience. | DQ27: 1 | DR27: EXPERIENCE_WEAK_MATCH — Celebrations is not a defining experience for this region.
A28: 28 | B28: india-himachal-pradesh | C28: india-himachal-pradesh-dharamshala | D28: Himachal Pradesh | E28: Dharamshala | F28: Domestic | G28: Region | H28: Yes | I28: Himachal Pradesh | J28: A mountain journey shaped by scenery, forests, road travel, reflection and soft adventure. Dharamshala is differentiated by mountains, spiritual, culture. | K28: Mountains, Spiritual, Culture | L28: Wellness, Nature | M28: Dharamshala: Mountains, Spiritual, Culture with Wellness and Nature | N28: Solo, Couple, Family | O28: Freedom, Adventure, Healing, Reconnection, Slow Living, Discovery, Explore, Relax | P28: Mountains, Spiritual, Culture; relaxed / balanced rhythm; region context. | Q28: Avoid when the traveller requires Beach, Island Hopping, Celebrations as the journey's defining purpose. | R28: Simple / Balanced / Premium | S28: Relaxed / Balanced | T28: 2 nights | U28: 3–4 nights | V28: Suitability varies materially by altitude, road access and intended activity. | W28: Rain and snow transition periods need current route review. | X28: Roads, altitude, snow and monsoon conditions require live validation. | Y28: Medium | Z28: Medium — suitable for business review; live service, access and season checks remain mandatory. | AA28: Chandigarh, Delhi or route-specific regional airport | AB28: High / Variable | AC28: Moderate — match activity level and age needs | AD28: Limited / REVIEW_REQUIRED | AE28: REVIEW_REQUIRED — confirm terrain, step-free access and supplier-specific support. | AF28: Weak | AG28: Variable; live check required | AH28: Moderate / REVIEW_REQUIRED | AI28: Generally available; supplier confirmation required | AJ28: Limited | AK28: Limited | AL28: Strong | AM28: Moderate / High | AN28: Moderate / High | AO28: Arrival through Chandigarh, Delhi or route-specific regional airport; protect time for transfer and orientation before Dharamshala exploration. | AP28: Dharamshala first impression centred on mountains, not broad Himachal Pradesh branding. | AQ28: Shared spiritual moment in Dharamshala, paced for the selected traveller type. | AR28: Dharamshala: Mountains, Spiritual, Culture with Wellness and Nature | AS28: Unscheduled pause connected to Dharamshala's mountains setting. | AT28: Region-specific discovery in Dharamshala through wellness; verify local operator context. | AU28: A verified cultural moment rooted in Dharamshala; confirm operating context. | AV28: Journey high point built around dharamshala: mountains, spiritual, culture with wellness and nature. | AW28: Unhurried departure from Dharamshala with transfer conditions reconfirmed. | AX28: Dharamshala is preferred when mountains, spiritual, culture are stronger than the destination's other regional personalities. | AY28: Mountains, Spiritual, Culture; relaxed / balanced rhythm; region context. Suitable only after operational and seasonal checks. | AZ28: Roads, altitude, snow and monsoon conditions require live validation. | BA28: 3–4 nights | BB28: Relaxed / Balanced | BC28: Arrival, transfer and orientation | BD28: Context-led wellness discovery | BE28: Dharamshala: Mountains, Spiritual, Culture with Wellness and Nature | BF28: Protected slow time | BG28: REVIEW_REQUIRED — approve a compatible extension outside Dharamshala. | BH28: Flexible departure with transfer buffer | BI28: 4 | BJ28: TRAVELLER_STRONG_MATCH — Mountains and Spiritual align with the solo characteristics in the workbook. | BK28: 4 | BL28: TRAVELLER_STRONG_MATCH — Mountains and Spiritual align with the couple characteristics in the workbook. | BM28: 4 | BN28: TRAVELLER_STRONG_MATCH — Mountains and Spiritual align with the family characteristics in the workbook. | BO28: 3 | BP28: TRAVELLER_SUITABLE — Suitable with itinerary design tailored to friends priorities. | BQ28: 1 | BR28: TRAVELLER_LIMITED — This record is not a natural standalone business base; use only with a clear purpose. | BS28: 4 | BT28: EMOTION_DIRECT_MATCH — Region-specific experiences directly support healing. | BU28: 1 | BV28: EMOTION_WEAK_MATCH — Celebration is not a defining outcome for this region record. | BW28: 5 | BX28: EMOTION_DIRECT_MATCH — Region-specific experiences directly support freedom. | BY28: 1 | BZ28: EMOTION_WEAK_MATCH — Escape is not a defining outcome for this region record. | CA28: 4 | CB28: EMOTION_DIRECT_MATCH — Region-specific experiences directly support adventure. | CC28: 3 | CD28: EMOTION_SUPPORTING_MATCH — Discovery can be supported as a secondary outcome with appropriate pacing. | CE28: 3 | CF28: EMOTION_SUPPORTING_MATCH — Reconnection can be supported as a secondary outcome with appropriate pacing. | CG28: 3 | CH28: EMOTION_SUPPORTING_MATCH — Slow Living can be supported as a secondary outcome with appropriate pacing. | CI28: 3 | CJ28: EMOTION_SUPPORTING_MATCH — Relax can be supported as a secondary outcome with appropriate pacing. | CK28: 3 | CL28: EMOTION_SUPPORTING_MATCH — Explore can be supported as a secondary outcome with appropriate pacing. | CM28: 1 | CN28: EMOTION_WEAK_MATCH — Romance is not a defining outcome for this region record. | CO28: 0 | CP28: CONTRADICTION_EXPERIENCE_MISMATCH — Do not select this record for a beach-first journey. | CQ28: 5 | CR28: EXPERIENCE_PRIMARY_MATCH — Mountains is a defining region-specific experience. | CS28: 1 | CT28: EXPERIENCE_WEAK_MATCH — Wildlife is not a defining experience for this region. | CU28: 5 | CV28: EXPERIENCE_PRIMARY_MATCH — Culture is a defining region-specific experience. | CW28: 1 | CX28: EXPERIENCE_WEAK_MATCH — Food is not a defining experience for this region. | CY28: 4 | CZ28: EXPERIENCE_SECONDARY_MATCH — Wellness is credible supporting intelligence for this region. | DA28: 1 | DB28: EXPERIENCE_WEAK_MATCH — Luxury is not a defining experience for this region. | DC28: 1 | DD28: EXPERIENCE_WEAK_MATCH — Shopping is not a defining experience for this region. | DE28: 5 | DF28: EXPERIENCE_PRIMARY_MATCH — Spiritual is a defining region-specific experience. | DG28: 1 | DH28: EXPERIENCE_WEAK_MATCH — Adventure is not a defining experience for this region. | DI28: 1 | DJ28: EXPERIENCE_WEAK_MATCH — Photography is not a defining experience for this region. | DK28: 0 | DL28: CONTRADICTION_EXPERIENCE_MISMATCH — Do not select this record for a island hopping-first journey. | DM28: 1 | DN28: EXPERIENCE_WEAK_MATCH — Heritage is not a defining experience for this region. | DO28: 4 | DP28: EXPERIENCE_SECONDARY_MATCH — Nature is credible supporting intelligence for this region. | DQ28: 0 | DR28: CONTRADICTION_EXPERIENCE_MISMATCH — Do not select this record for a celebrations-first journey.
A29: 29 | B29: india-himachal-pradesh | C29: india-himachal-pradesh-dalhousie | D29: Himachal Pradesh | E29: Dalhousie | F29: Domestic | G29: Region | H29: Yes | I29: Himachal Pradesh | J29: A mountain journey shaped by scenery, forests, road travel, reflection and soft adventure. Dalhousie is differentiated by mountains, nature, heritage. | K29: Mountains, Nature, Heritage | L29: Photography | M29: Dalhousie: Mountains, Nature, Heritage with Photography | N29: Solo, Couple, Family | O29: Freedom, Adventure, Healing, Relax, Reconnection, Discovery, Explore | P29: Mountains, Nature, Heritage; relaxed / balanced rhythm; region context. | Q29: Avoid when the traveller requires Beach, Island Hopping, Shopping as the journey's defining purpose. | R29: Simple / Balanced / Premium | S29: Relaxed / Balanced | T29: 2 nights | U29: 3–4 nights | V29: Suitability varies materially by altitude, road access and intended activity. | W29: Rain and snow transition periods need current route review. | X29: Roads, altitude, snow and monsoon conditions require live validation. | Y29: Medium | Z29: Medium — suitable for business review; live service, access and season checks remain mandatory. | AA29: Chandigarh, Delhi or route-specific regional airport | AB29: High / Variable | AC29: Moderate — match activity level and age needs | AD29: Limited / REVIEW_REQUIRED | AE29: REVIEW_REQUIRED — confirm terrain, step-free access and supplier-specific support. | AF29: Weak | AG29: Variable; live check required | AH29: Moderate / REVIEW_REQUIRED | AI29: Generally available; supplier confirmation required | AJ29: Limited | AK29: Limited | AL29: Limited / Supporting | AM29: Moderate / High | AN29: Moderate / High | AO29: Arrival through Chandigarh, Delhi or route-specific regional airport; protect time for transfer and orientation before Dalhousie exploration. | AP29: Dalhousie first impression centred on mountains, not broad Himachal Pradesh branding. | AQ29: Shared nature moment in Dalhousie, paced for the selected traveller type. | AR29: Dalhousie: Mountains, Nature, Heritage with Photography | AS29: Unscheduled pause connected to Dalhousie's mountains setting. | AT29: Region-specific discovery in Dalhousie through photography; verify local operator context. | AU29: A verified cultural moment rooted in Dalhousie; confirm operating context. | AV29: Journey high point built around dalhousie: mountains, nature, heritage with photography. | AW29: Unhurried departure from Dalhousie with transfer conditions reconfirmed. | AX29: Dalhousie is preferred when mountains, nature, heritage are stronger than the destination's other regional personalities. | AY29: Mountains, Nature, Heritage; relaxed / balanced rhythm; region context. Suitable only after operational and seasonal checks. | AZ29: Roads, altitude, snow and monsoon conditions require live validation. | BA29: 3–4 nights | BB29: Relaxed / Balanced | BC29: Arrival, transfer and orientation | BD29: Context-led photography discovery | BE29: Dalhousie: Mountains, Nature, Heritage with Photography | BF29: Protected slow time | BG29: REVIEW_REQUIRED — approve a compatible extension outside Dalhousie. | BH29: Flexible departure with transfer buffer | BI29: 4 | BJ29: TRAVELLER_STRONG_MATCH — Mountains and Nature align with the solo characteristics in the workbook. | BK29: 4 | BL29: TRAVELLER_STRONG_MATCH — Mountains and Nature align with the couple characteristics in the workbook. | BM29: 4 | BN29: TRAVELLER_STRONG_MATCH — Mountains and Nature align with the family characteristics in the workbook. | BO29: 3 | BP29: TRAVELLER_SUITABLE — Suitable with itinerary design tailored to friends priorities. | BQ29: 1 | BR29: TRAVELLER_LIMITED — This record is not a natural standalone business base; use only with a clear purpose. | BS29: 4 | BT29: EMOTION_DIRECT_MATCH — Region-specific experiences directly support healing. | BU29: 1 | BV29: EMOTION_WEAK_MATCH — Celebration is not a defining outcome for this region record. | BW29: 5 | BX29: EMOTION_DIRECT_MATCH — Region-specific experiences directly support freedom. | BY29: 1 | BZ29: EMOTION_WEAK_MATCH — Escape is not a defining outcome for this region record. | CA29: 4 | CB29: EMOTION_DIRECT_MATCH — Region-specific experiences directly support adventure. | CC29: 3 | CD29: EMOTION_SUPPORTING_MATCH — Discovery can be supported as a secondary outcome with appropriate pacing. | CE29: 3 | CF29: EMOTION_SUPPORTING_MATCH — Reconnection can be supported as a secondary outcome with appropriate pacing. | CG29: 1 | CH29: EMOTION_WEAK_MATCH — Slow Living is not a defining outcome for this region record. | CI29: 3 | CJ29: EMOTION_SUPPORTING_MATCH — Relax can be supported as a secondary outcome with appropriate pacing. | CK29: 3 | CL29: EMOTION_SUPPORTING_MATCH — Explore can be supported as a secondary outcome with appropriate pacing. | CM29: 1 | CN29: EMOTION_WEAK_MATCH — Romance is not a defining outcome for this region record. | CO29: 0 | CP29: CONTRADICTION_EXPERIENCE_MISMATCH — Do not select this record for a beach-first journey. | CQ29: 5 | CR29: EXPERIENCE_PRIMARY_MATCH — Mountains is a defining region-specific experience. | CS29: 1 | CT29: EXPERIENCE_WEAK_MATCH — Wildlife is not a defining experience for this region. | CU29: 1 | CV29: EXPERIENCE_WEAK_MATCH — Culture is not a defining experience for this region. | CW29: 1 | CX29: EXPERIENCE_WEAK_MATCH — Food is not a defining experience for this region. | CY29: 1 | CZ29: EXPERIENCE_WEAK_MATCH — Wellness is not a defining experience for this region. | DA29: 1 | DB29: EXPERIENCE_WEAK_MATCH — Luxury is not a defining experience for this region. | DC29: 0 | DD29: CONTRADICTION_EXPERIENCE_MISMATCH — Do not select this record for a shopping-first journey. | DE29: 1 | DF29: EXPERIENCE_WEAK_MATCH — Spiritual is not a defining experience for this region. | DG29: 1 | DH29: EXPERIENCE_WEAK_MATCH — Adventure is not a defining experience for this region. | DI29: 4 | DJ29: EXPERIENCE_SECONDARY_MATCH — Photography is credible supporting intelligence for this region. | DK29: 0 | DL29: CONTRADICTION_EXPERIENCE_MISMATCH — Do not select this record for a island hopping-first journey. | DM29: 5 | DN29: EXPERIENCE_PRIMARY_MATCH — Heritage is a defining region-specific experience. | DO29: 5 | DP29: EXPERIENCE_PRIMARY_MATCH — Nature is a defining region-specific experience. | DQ29: 1 | DR29: EXPERIENCE_WEAK_MATCH — Celebrations is not a defining experience for this region.
A30: 30 | B30: india-himachal-pradesh | C30: india-himachal-pradesh-leh | D30: Himachal Pradesh | E30: Leh | F30: Domestic | G30: Region | H30: Review Required | I30: Himachal Pradesh | J30: A mountain journey shaped by scenery, forests, road travel, reflection and soft adventure. Leh is differentiated by mountains, adventure, culture. | K30: Mountains, Adventure, Culture | L30: Photography, Spiritual | M30: Leh: Mountains, Adventure, Culture with Photography and Spiritual | N30: Solo, Couple, Family, Friends | O30: Freedom, Adventure, Healing, Explore, Discovery, Reconnection, Slow Living | P30: Mountains, Adventure, Culture; balanced / explorer rhythm; region context. | Q30: Avoid when the traveller requires Beach, Island Hopping, Wellness as the journey's defining purpose. | R30: Simple / Balanced / Premium | S30: Balanced / Explorer | T30: 2 nights | U30: 3–4 nights | V30: Suitability varies materially by altitude, road access and intended activity. | W30: Rain and snow transition periods need current route review. | X30: Roads, altitude, snow and monsoon conditions require live validation. | Y30: REVIEW_REQUIRED | Z30: REVIEW_REQUIRED — Leh is not in Himachal Pradesh; review parent destination as Ladakh. | AA30: Chandigarh, Delhi or route-specific regional airport | AB30: High / Variable | AC30: Moderate — match activity level and age needs | AD30: Limited / REVIEW_REQUIRED | AE30: REVIEW_REQUIRED — confirm terrain, step-free access and supplier-specific support. | AF30: Weak | AG30: Variable; live check required | AH30: Moderate / REVIEW_REQUIRED | AI30: Generally available; supplier confirmation required | AJ30: Limited | AK30: Limited | AL30: Limited / Supporting | AM30: High | AN30: Moderate / High | AO30: Arrival through Chandigarh, Delhi or route-specific regional airport; protect time for transfer and orientation before Leh exploration. | AP30: Leh first impression centred on mountains, not broad Himachal Pradesh branding. | AQ30: Shared adventure moment in Leh, paced for the selected traveller type. | AR30: Leh: Mountains, Adventure, Culture with Photography and Spiritual | AS30: A protected low-intensity pause after the principal mountains experience. | AT30: Region-specific discovery in Leh through photography; verify local operator context. | AU30: A verified cultural moment rooted in Leh; confirm operating context. | AV30: Journey high point built around leh: mountains, adventure, culture with photography and spiritual. | AW30: Unhurried departure from Leh with transfer conditions reconfirmed. | AX30: Leh is preferred when mountains, adventure, culture are stronger than the destination's other regional personalities. | AY30: Mountains, Adventure, Culture; balanced / explorer rhythm; region context. Suitable only after operational and seasonal checks. | AZ30: Roads, altitude, snow and monsoon conditions require live validation. | BA30: 3–4 nights | BB30: Balanced / Explorer | BC30: Arrival, transfer and orientation | BD30: Context-led photography discovery | BE30: Leh: Mountains, Adventure, Culture with Photography and Spiritual | BF30: Recovery window after the highest-intensity experience | BG30: REVIEW_REQUIRED — approve a compatible extension outside Leh. | BH30: Flexible departure with transfer buffer | BI30: 4 | BJ30: TRAVELLER_STRONG_MATCH — Mountains and Adventure align with the solo characteristics in the workbook. | BK30: 4 | BL30: TRAVELLER_STRONG_MATCH — Mountains and Adventure align with the couple characteristics in the workbook. | BM30: 4 | BN30: TRAVELLER_STRONG_MATCH — Mountains and Adventure align with the family characteristics in the workbook. | BO30: 4 | BP30: TRAVELLER_STRONG_MATCH — Mountains and Adventure align with the friends characteristics in the workbook. | BQ30: 1 | BR30: TRAVELLER_LIMITED — This record is not a natural standalone business base; use only with a clear purpose. | BS30: 4 | BT30: EMOTION_DIRECT_MATCH — Region-specific experiences directly support healing. | BU30: 1 | BV30: EMOTION_WEAK_MATCH — Celebration is not a defining outcome for this region record. | BW30: 5 | BX30: EMOTION_DIRECT_MATCH — Region-specific experiences directly support freedom. | BY30: 1 | BZ30: EMOTION_WEAK_MATCH — Escape is not a defining outcome for this region record. | CA30: 4 | CB30: EMOTION_DIRECT_MATCH — Region-specific experiences directly support adventure. | CC30: 3 | CD30: EMOTION_SUPPORTING_MATCH — Discovery can be supported as a secondary outcome with appropriate pacing. | CE30: 3 | CF30: EMOTION_SUPPORTING_MATCH — Reconnection can be supported as a secondary outcome with appropriate pacing. | CG30: 3 | CH30: EMOTION_SUPPORTING_MATCH — Slow Living can be supported as a secondary outcome with appropriate pacing. | CI30: 1 | CJ30: EMOTION_WEAK_MATCH — Relax is not a defining outcome for this region record. | CK30: 3 | CL30: EMOTION_SUPPORTING_MATCH — Explore can be supported as a secondary outcome with appropriate pacing. | CM30: 1 | CN30: EMOTION_WEAK_MATCH — Romance is not a defining outcome for this region record. | CO30: 0 | CP30: CONTRADICTION_EXPERIENCE_MISMATCH — Do not select this record for a beach-first journey. | CQ30: 5 | CR30: EXPERIENCE_PRIMARY_MATCH — Mountains is a defining region-specific experience. | CS30: 1 | CT30: EXPERIENCE_WEAK_MATCH — Wildlife is not a defining experience for this region. | CU30: 5 | CV30: EXPERIENCE_PRIMARY_MATCH — Culture is a defining region-specific experience. | CW30: 1 | CX30: EXPERIENCE_WEAK_MATCH — Food is not a defining experience for this region. | CY30: 0 | CZ30: CONTRADICTION_EXPERIENCE_MISMATCH — Do not select this record for a wellness-first journey. | DA30: 1 | DB30: EXPERIENCE_WEAK_MATCH — Luxury is not a defining experience for this region. | DC30: 1 | DD30: EXPERIENCE_WEAK_MATCH — Shopping is not a defining experience for this region. | DE30: 4 | DF30: EXPERIENCE_SECONDARY_MATCH — Spiritual is credible supporting intelligence for this region. | DG30: 5 | DH30: EXPERIENCE_PRIMARY_MATCH — Adventure is a defining region-specific experience. | DI30: 4 | DJ30: EXPERIENCE_SECONDARY_MATCH — Photography is credible supporting intelligence for this region. | DK30: 0 | DL30: CONTRADICTION_EXPERIENCE_MISMATCH — Do not select this record for a island hopping-first journey. | DM30: 1 | DN30: EXPERIENCE_WEAK_MATCH — Heritage is not a defining experience for this region. | DO30: 1 | DP30: EXPERIENCE_WEAK_MATCH — Nature is not a defining experience for this region. | DQ30: 1 | DR30: EXPERIENCE_WEAK_MATCH — Celebrations is not a defining experience for this region.
